DROP TABLE IF EXISTS PAYMENT CASCADE;
DROP TABLE IF EXISTS ORDER_DETAILS CASCADE;
DROP TABLE IF EXISTS ORDERS CASCADE;
DROP TABLE IF EXISTS PRODUCT CASCADE;
DROP TABLE IF EXISTS CUSTOMER CASCADE;
DROP TABLE IF EXISTS CATEGORY CASCADE;

CREATE TABLE CATEGORY (CATEGORY_ID INT PRIMARY KEY,CATEGORY_NAME VARCHAR(100) NOT NULL UNIQUE);

CREATE TABLE CUSTOMER (CUSTOMER_ID INT  PRIMARY KEY,CUSTOMER_NAME VARCHAR(100) NOT NULL,EMAIL VARCHAR(100) UNIQUE,
                       MOBILE_NO VARCHAR(15) UNIQUE,GENDER VARCHAR(10) CHECK (GENDER IN ('Male', 'Female', 'Other')),
					   REGISTRATION_DATE DATE,CITY VARCHAR(50));

CREATE TABLE PRODUCT(PRODUCT_ID INT PRIMARY KEY,PRODUCT_NAME VARCHAR(100) NOT NULL,
             CATEGORY_ID INT,FOREIGN KEY (CATEGORY_ID)REFERENCES CATEGORY(CATEGORY_ID),BRAND_NAME VARCHAR(100),
            PRICE DECIMAL(10,2) CHECK (PRICE > 0),STOCK_QUANTITY INT CHECK (STOCK_QUANTITY >= 0));

CREATE TABLE ORDERS(ORDER_ID INT PRIMARY KEY,CUSTOMER_ID INT,FOREIGN KEY (CUSTOMER_ID)REFERENCES CUSTOMER(CUSTOMER_ID),
             ORDER_DATE DATE,ORDER_STATUS VARCHAR(20)CHECK (ORDER_STATUS IN ('Placed','Packed','Shipped','Delivered','Cancelled')),
             TOTAL_AMOUNT DECIMAL(10,2)CHECK (TOTAL_AMOUNT > 0));

CREATE TABLE ORDER_DETAILS(ORDER_DETAIL_ID INT PRIMARY KEY,ORDER_ID INT,FOREIGN KEY (ORDER_ID)REFERENCES ORDERS(ORDER_ID),
             PRODUCT_ID INT,FOREIGN KEY (PRODUCT_ID)REFERENCES PRODUCT(PRODUCT_ID),QUANTITY INT CHECK (QUANTITY > 0),
             UNIT_PRICE DECIMAL(10,2) CHECK (UNIT_PRICE > 0));

CREATE TABLE PAYMENT(PAYMENT_ID INT PRIMARY KEY,ORDER_ID INT,FOREIGN KEY (ORDER_ID)REFERENCES ORDERS(ORDER_ID),
             PAYMENT_DATE DATE,PAYMENT_MODE VARCHAR(20)CHECK (PAYMENT_MODE IN ('UPI','Card','Net Banking','Cash On Delivery')),
             PAYMENT_AMOUNT DECIMAL(10,2)CHECK (PAYMENT_AMOUNT > 0),
             PAYMENT_STATUS VARCHAR(20)CHECK (PAYMENT_STATUS IN ('Success','Pending','Failed')));

CREATE TABLE SHIPPING(SHIPMENT_ID INT PRIMARY KEY,ORDER_ID INT,FOREIGN KEY (ORDER_ID)REFERENCES ORDERS(ORDER_ID),
             COURIER_PARTNER VARCHAR(100),SHIPMENT_DATE DATE,DELIVERY_DATE DATE,
             SHIPMENT_STATUS VARCHAR(20)CHECK (SHIPMENT_STATUS IN ('Packed','In Transit','Delivered','Returned')));

CREATE TABLE REVIEW(REVIEW_ID INT PRIMARY KEY,CUSTOMER_ID INT,FOREIGN KEY (PRODUCT_ID)REFERENCES PRODUCT(PRODUCT_ID),
             PRODUCT_ID INT,FOREIGN KEY (PRODUCT_ID)REFERENCES PRODUCT(PRODUCT_ID),
	         RATING INT CHECK (RATING BETWEEN 1 AND 5),REVIEW_DATE DATE);

CREATE SEQUENCE CUSTOMER_ID_SEQ START WITH 1001
INCREMENT BY 1;

CREATE SEQUENCE PRODUCT_ID_SEQ START WITH 1001
INCREMENT BY 1;

CREATE SEQUENCE ORDER_ID_SEQ START WITH 1001
INCREMENT BY 1;

CREATE SEQUENCE PAYMENT_ID_SEQ START WITH 1001
INCREMENT BY 1;

INSERT INTO CATEGORY VALUES(1,'Electronics');
INSERT INTO CATEGORY VALUES(2,'Clothing');
INSERT INTO CATEGORY VALUES(3,'Books');
INSERT INTO CATEGORY VALUES(4,'Home Appliances');
INSERT INTO CATEGORY VALUES(5,'Sports');
INSERT INTO CATEGORY VALUES(6,'Beauty');
INSERT INTO CATEGORY VALUES(7,'Furniture');
INSERT INTO CATEGORY VALUES(8,'Toys');
INSERT INTO CATEGORY VALUES(9,'Groceries');
INSERT INTO CATEGORY VALUES(10,'Footwear');
SELECT * FROM CATEGORY;

INSERT INTO CUSTOMER VALUES(1001,'RahuL','rahul1@gmail.com','9876543201','Male','2026-01-01','Chennai');
INSERT INTO CUSTOMER VALUES(1002,'Priya','priya2@gmail.com','9876543202','Female','2026-01-02','Coimbatore');
INSERT INTO CUSTOMER VALUES(1003,'Arun','arun3@gmail.com','9876543203','Male','2026-01-03','Madurai');
INSERT INTO CUSTOMER VALUES(1004,'Divya','divya4@gmail.com','9876543204','Female','2026-01-04','Salem');
INSERT INTO CUSTOMER VALUES(1005,'Vijay','vijay5@gmail.com','9876543205','Male','2026-01-05','Trichy');
INSERT INTO CUSTOMER VALUES(1006,'Anitha','anitha6@gmail.com','9876543206','Female','2026-01-06','Erode');
INSERT INTO CUSTOMER VALUES(1007,'Karthik','karthik7@gmail.com','9876543207','Male','2026-01-07','Chennai');
INSERT INTO CUSTOMER VALUES(1008,'Nisha','nisha8@gmail.com','9876543208','Female','2026-01-08','Madurai');
INSERT INTO CUSTOMER VALUES(1009,'Suresh','suresh9@gmail.com','9876543209','Male','2026-01-09','Salem');
INSERT INTO CUSTOMER VALUES(1010,'Meena','meena10@gmail.com','9876543210','Female','2026-01-10','Coimbatore');
INSERT INTO CUSTOMER VALUES(1011,'Ajith','ajith11@gmail.com','9876543211','Male','2026-01-11','Trichy');
INSERT INTO CUSTOMER VALUES(1012,'Keerthana','keerthana12@gmail.com','9876543212','Female','2026-01-12','Chennai');
INSERT INTO CUSTOMER VALUES(1013,'Ramesh','ramesh13@gmail.com','9876543213','Male','2026-01-13','Erode');
INSERT INTO CUSTOMER VALUES(1014,'Pooja','pooja14@gmail.com','9876543214','Female','2026-01-14','Madurai');
INSERT INTO CUSTOMER VALUES(1015,'Manoj','manoj15@gmail.com','9876543215','Male','2026-01-15','Salem');
INSERT INTO CUSTOMER VALUES(1016,'Sneha','sneha16@gmail.com','9876543216','Female','2026-01-16','Chennai');
INSERT INTO CUSTOMER VALUES(1017,'Hari','hari17@gmail.com','9876543217','Male','2026-01-17','Trichy');
INSERT INTO CUSTOMER VALUES(1018,'Lavanya','lavanya18@gmail.com','9876543218','Female','2026-01-18','Coimbatore');
INSERT INTO CUSTOMER VALUES(1019,'Gokul','gokul19@gmail.com','9876543219','Male','2026-01-19','Madurai');
INSERT INTO CUSTOMER VALUES(1020,'Swathi','swathi20@gmail.com','9876543220','Female','2026-01-20','Erode');
INSERT INTO CUSTOMER VALUES(1021,'Dinesh','dinesh21@gmail.com','9876543221','Male','2026-01-21','Chennai');
INSERT INTO CUSTOMER VALUES(1022,'Harini ','harini22@gmail.com','9876543222','Female','2026-01-22','Salem');
INSERT INTO CUSTOMER VALUES(1023,'Praveen','praveen23@gmail.com','9876543223','Male','2026-01-23','Madurai');
INSERT INTO CUSTOMER VALUES(1024,'Monika','monika24@gmail.com','9876543224','Female','2026-01-24','Trichy');
INSERT INTO CUSTOMER VALUES(1025,'Ravi','ravi25@gmail.com','9876543225','Male','2026-01-25','Coimbatore');
INSERT INTO CUSTOMER VALUES(1026,'Deepa','deepa26@gmail.com','9876543226','Female','2026-01-26','Erode');
INSERT INTO CUSTOMER VALUES(1027,'Sanjay','sanjay27@gmail.com','9876543227','Male','2026-01-27','Chennai');
INSERT INTO CUSTOMER VALUES(1028,'Asha','asha28@gmail.com','9876543228','Female','2026-01-28','Madurai');
INSERT INTO CUSTOMER VALUES(1029,'Naveen','naveen29@gmail.com','9876543229','Male','2026-01-29','Salem');
INSERT INTO CUSTOMER VALUES(1030,'Kavya','kavya30@gmail.com','9876543230','Female','2026-01-30','Trichy');
SELECT * FROM CUSTOMER;

INSERT INTO PRODUCT VALUES (1001,'Samsung Galaxy S25',1,'Samsung',65000,50);
INSERT INTO PRODUCT VALUES (1002,'iPhone 16',1,'Apple',85000,30);
INSERT INTO PRODUCT VALUES (1003,'Dell Inspiron Laptop',1,'Dell',55000,25);
INSERT INTO PRODUCT VALUES (1004,'HP Pavilion Laptop',1,'HP',60000,20);
INSERT INTO PRODUCT VALUES (1005,'Sony Headphones',1,'Sony',5000,80);
INSERT INTO PRODUCT VALUES (1006,'Men T-Shirt',2,'Puma',1200,100);
INSERT INTO PRODUCT VALUES (1007,'Women Jeans',2,'Levis',1800,90);
INSERT INTO PRODUCT VALUES (1008,'Kids Jacket',2,'Allen Solly',1500,60);
INSERT INTO PRODUCT VALUES (1009,'Formal Shirt',2,'Peter England',1300,70);
INSERT INTO PRODUCT VALUES (1010,'Sports Track Pant',2,'Nike',2000,50);
INSERT INTO PRODUCT VALUES (1011,'Java Programming',3,'McGraw Hill',650,100);
INSERT INTO PRODUCT VALUES (1012,'Database Systems',3,'Pearson',750,80);
INSERT INTO PRODUCT VALUES (1013,'Python Basics',3,'OReilly',550,90);
INSERT INTO PRODUCT VALUES (1014,'Data Structures',3,'Pearson',700,70);
INSERT INTO PRODUCT VALUES (1015,'Operating Systems',3,'McGraw Hill',800,60);
INSERT INTO PRODUCT VALUES (1016,'LG Washing Machine',4,'LG',32000,15);
INSERT INTO PRODUCT VALUES (1017,'Samsung Refrigerator',4,'Samsung',45000,10);
INSERT INTO PRODUCT VALUES (1018,'Philips Mixer',4,'Philips',3500,40);
INSERT INTO PRODUCT VALUES (1019,'Prestige Cooker',4,'Prestige',2500,50);
INSERT INTO PRODUCT VALUES (1020,'IFB Microwave Oven',4,'IFB',12000,20);
INSERT INTO PRODUCT VALUES (1021,'Cricket Bat',5,'SS',3000,40);
INSERT INTO PRODUCT VALUES (1022,'Football',5,'Nivia',900,100);
INSERT INTO PRODUCT VALUES (1023,'Badminton Racket',5,'Yonex',2500,60);
INSERT INTO PRODUCT VALUES (1024,'Tennis Ball Set',5,'Cosco',600,80);
INSERT INTO PRODUCT VALUES (1025,'Gym Gloves',5,'Adidas',700,120);
INSERT INTO PRODUCT VALUES (1026,'Face Wash',6,'Himalaya',180,150);
INSERT INTO PRODUCT VALUES (1027,'Lipstick',6,'Lakme',350,100);
INSERT INTO PRODUCT VALUES (1028,'Perfume',6,'Fogg',450,90);
INSERT INTO PRODUCT VALUES (1029,'Shampoo',6,'Dove',250,120);
INSERT INTO PRODUCT VALUES (1030,'Body Lotion',6,'Nivea',300,80);
INSERT INTO PRODUCT VALUES (1031,'Office Chair',7,'Godrej',5500,25);
INSERT INTO PRODUCT VALUES (1032,'Dining Table',7,'Nilkamal',12000,10);
INSERT INTO PRODUCT VALUES (1033,'Sofa Set',7,'Durian',25000,8);
INSERT INTO PRODUCT VALUES (1034,'Study Table',7,'Ikea',4500,20);
INSERT INTO PRODUCT VALUES (1035,'Wooden Cot',7,'Home Centre',18000,12);
INSERT INTO PRODUCT VALUES (1036,'Remote Car',8,'Funskool',900,60);
INSERT INTO PRODUCT VALUES (1037,'Barbie Doll',8,'Mattel',1200,50);
INSERT INTO PRODUCT VALUES (1038,'Puzzle Game',8,'Funskool',500,100);
INSERT INTO PRODUCT VALUES (1039,'Building Blocks',8,'Lego',1800,40);
INSERT INTO PRODUCT VALUES (1040,'Toy Train',8,'Toyzone',800,50);
INSERT INTO PRODUCT VALUES (1041,'Rice 5kg',9,'Aashirvaad',400,100);
INSERT INTO PRODUCT VALUES (1042,'Sunflower Oil',9,'Fortune',180,120);
INSERT INTO PRODUCT VALUES (1043,'Sugar 1kg',9,'Madhur',55,150);
INSERT INTO PRODUCT VALUES (1044,'Tea Powder',9,'Tata Tea',220,90);
INSERT INTO PRODUCT VALUES (1045,'Biscuit Pack',9,'Britannia',30,200);
INSERT INTO PRODUCT VALUES (1046,'Running Shoes',10,'Nike',3500,70);
INSERT INTO PRODUCT VALUES (1047,'Casual Shoes',10,'Puma',2800,60);
INSERT INTO PRODUCT VALUES (1048,'Sandals',10,'Bata',900,100);
INSERT INTO PRODUCT VALUES (1049,'Formal Shoes',10,'Red Chief',3200,40);
INSERT INTO PRODUCT VALUES (1050,'Sneakers',10,'Adidas',4000,50);
SELECT * FROM PRODUCT;

INSERT INTO ORDERS VALUES (1001,1001,'2026-06-01','Placed',65000);
INSERT INTO ORDERS VALUES (1002,1002,'2026-06-02','Shipped',3500);
INSERT INTO ORDERS VALUES (1003,1003,'2026-06-03','Delivered',55000);
INSERT INTO ORDERS VALUES (1004,1004,'2026-06-04','Packed',1200);
INSERT INTO ORDERS VALUES (1005,1005,'2026-06-05','Cancelled',2500);
INSERT INTO ORDERS VALUES (1006,1006,'2026-06-06','Delivered',1800);
INSERT INTO ORDERS VALUES (1007,1007,'2026-06-07','Shipped',45000);
INSERT INTO ORDERS VALUES (1008,1008,'2026-06-08','Placed',3000);
INSERT INTO ORDERS VALUES (1009,1009,'2026-06-09','Packed',700);
INSERT INTO ORDERS VALUES (1010,1010,'2026-06-10','Delivered',32000);
INSERT INTO ORDERS VALUES (1011,1011,'2026-06-11','Placed',85000);
INSERT INTO ORDERS VALUES (1012,1012,'2026-06-12','Shipped',60000);
INSERT INTO ORDERS VALUES (1013,1013,'2026-06-13','Delivered',5000);
INSERT INTO ORDERS VALUES (1014,1014,'2026-06-14','Packed',1300);
INSERT INTO ORDERS VALUES (1015,1015,'2026-06-15','Cancelled',2000);
INSERT INTO ORDERS VALUES (1016,1016,'2026-06-16','Delivered',650);
INSERT INTO ORDERS VALUES (1017,1017,'2026-06-17','Shipped',750);
INSERT INTO ORDERS VALUES (1018,1018,'2026-06-18','Placed',550);
INSERT INTO ORDERS VALUES (1019,1019,'2026-06-19','Packed',800);
INSERT INTO ORDERS VALUES (1020,1020,'2026-06-20','Delivered',12000);
INSERT INTO ORDERS VALUES (1021,1021,'2026-06-21','Placed',900);
INSERT INTO ORDERS VALUES (1022,1022,'2026-06-22','Shipped',2500);
INSERT INTO ORDERS VALUES (1023,1023,'2026-06-23','Delivered',600);
INSERT INTO ORDERS VALUES (1024,1024,'2026-06-24','Packed',700);
INSERT INTO ORDERS VALUES (1025,1025,'2026-06-25','Cancelled',180);
INSERT INTO ORDERS VALUES (1026,1026,'2026-06-26','Delivered',350);
INSERT INTO ORDERS VALUES (1027,1027,'2026-06-27','Shipped',450);
INSERT INTO ORDERS VALUES (1028,1028,'2026-06-28','Placed',250);
INSERT INTO ORDERS VALUES (1029,1029,'2026-06-29','Packed',300);
INSERT INTO ORDERS VALUES (1030,1030,'2026-06-30','Delivered',5500);
INSERT INTO ORDERS VALUES (1031,1001,'2026-07-01','Placed',12000);
INSERT INTO ORDERS VALUES (1032,1002,'2026-07-02','Shipped',25000);
INSERT INTO ORDERS VALUES (1033,1003,'2026-07-03','Delivered',4500);
INSERT INTO ORDERS VALUES (1034,1004,'2026-07-04','Packed',18000);
INSERT INTO ORDERS VALUES (1035,1005,'2026-07-05','Cancelled',900);
INSERT INTO ORDERS VALUES (1036,1006,'2026-07-06','Delivered',1200);
INSERT INTO ORDERS VALUES (1037,1007,'2026-07-07','Shipped',500);
INSERT INTO ORDERS VALUES (1038,1008,'2026-07-08','Placed',1800);
INSERT INTO ORDERS VALUES (1039,1009,'2026-07-09','Packed',800);
INSERT INTO ORDERS VALUES (1040,1010,'2026-07-10','Delivered',400);
INSERT INTO ORDERS VALUES (1041,1011,'2026-07-11','Placed',180);
INSERT INTO ORDERS VALUES (1042,1012,'2026-07-12','Shipped',55);
INSERT INTO ORDERS VALUES (1043,1013,'2026-07-13','Delivered',220);
INSERT INTO ORDERS VALUES (1044,1014,'2026-07-14','Packed',30);
INSERT INTO ORDERS VALUES (1045,1015,'2026-07-15','Cancelled',3500);
INSERT INTO ORDERS VALUES (1046,1016,'2026-07-16','Delivered',2800);
INSERT INTO ORDERS VALUES (1047,1017,'2026-07-17','Shipped',900);
INSERT INTO ORDERS VALUES (1048,1018,'2026-07-18','Placed',3200);
INSERT INTO ORDERS VALUES (1049,1019,'2026-07-19','Packed',4000);
INSERT INTO ORDERS VALUES (1050,1020,'2026-07-20','Delivered',65000);
SELECT * FROM ORDERS;

INSERT INTO ORDER_DETAILS VALUES (1,1001,1001,1,65000);
INSERT INTO ORDER_DETAILS VALUES (2,1001,1005,2,5000);
INSERT INTO ORDER_DETAILS VALUES (3,1002,1046,1,3500);
INSERT INTO ORDER_DETAILS VALUES (4,1002,1025,2,700);
INSERT INTO ORDER_DETAILS VALUES (5,1003,1003,1,55000);
INSERT INTO ORDER_DETAILS VALUES (6,1003,1011,2,650);
INSERT INTO ORDER_DETAILS VALUES (7,1004,1006,1,1200);
INSERT INTO ORDER_DETAILS VALUES (8,1004,1045,3,30);
INSERT INTO ORDER_DETAILS VALUES (9,1005,1021,1,2500);
INSERT INTO ORDER_DETAILS VALUES (10,1005,1022,1,900);
INSERT INTO ORDER_DETAILS VALUES (11,1006,1007,1,1800);
INSERT INTO ORDER_DETAILS VALUES (12,1006,1027,2,350);
INSERT INTO ORDER_DETAILS VALUES (13,1007,1001,1,45000);
INSERT INTO ORDER_DETAILS VALUES (14,1007,1028,1,450);
INSERT INTO ORDER_DETAILS VALUES (15,1008,1021,1,3000);
INSERT INTO ORDER_DETAILS VALUES (16,1008,1048,1,900);
INSERT INTO ORDER_DETAILS VALUES (17,1009,1014,1,700);
INSERT INTO ORDER_DETAILS VALUES (18,1009,1045,2,30);
INSERT INTO ORDER_DETAILS VALUES (19,1010,1016,1,32000);
INSERT INTO ORDER_DETAILS VALUES (20,1010,1042,2,180);
INSERT INTO ORDER_DETAILS VALUES (21,1011,1002,1,85000);
INSERT INTO ORDER_DETAILS VALUES (22,1011,1029,1,250);
INSERT INTO ORDER_DETAILS VALUES (23,1012,1004,1,60000);
INSERT INTO ORDER_DETAILS VALUES (24,1012,1030,2,300);
INSERT INTO ORDER_DETAILS VALUES (25,1013,1005,1,5000);
INSERT INTO ORDER_DETAILS VALUES (26,1013,1043,3,55);
INSERT INTO ORDER_DETAILS VALUES (27,1014,1009,1,1300);
INSERT INTO ORDER_DETAILS VALUES (28,1014,1044,2,220);
INSERT INTO ORDER_DETAILS VALUES (29,1015,1010,1,2000);
INSERT INTO ORDER_DETAILS VALUES (30,1015,1026,2,180);
INSERT INTO ORDER_DETAILS VALUES (31,1016,1011,1,650);
INSERT INTO ORDER_DETAILS VALUES (32,1016,1027,1,350);
INSERT INTO ORDER_DETAILS VALUES (33,1017,1012,1,750);
INSERT INTO ORDER_DETAILS VALUES (34,1017,1028,1,450);
INSERT INTO ORDER_DETAILS VALUES (35,1018,1013,1,550);
INSERT INTO ORDER_DETAILS VALUES (36,1018,1029,1,250);
INSERT INTO ORDER_DETAILS VALUES (37,1019,1015,1,800);
INSERT INTO ORDER_DETAILS VALUES (38,1019,1030,1,300);
INSERT INTO ORDER_DETAILS VALUES (39,1020,1020,1,12000);
INSERT INTO ORDER_DETAILS VALUES (40,1020,1041,2,400);
INSERT INTO ORDER_DETAILS VALUES (41,1021,1022,1,900);
INSERT INTO ORDER_DETAILS VALUES (42,1021,1042,1,180);
INSERT INTO ORDER_DETAILS VALUES (43,1022,1023,1,2500);
INSERT INTO ORDER_DETAILS VALUES (44,1022,1043,1,55);
INSERT INTO ORDER_DETAILS VALUES (45,1023,1024,1,600);
INSERT INTO ORDER_DETAILS VALUES (46,1023,1044,1,220);
INSERT INTO ORDER_DETAILS VALUES (47,1024,1025,1,700);
INSERT INTO ORDER_DETAILS VALUES (48,1024,1045,1,30);
INSERT INTO ORDER_DETAILS VALUES (49,1025,1026,1,180);
INSERT INTO ORDER_DETAILS VALUES (50,1025,1041,1,400);
INSERT INTO ORDER_DETAILS VALUES (51,1026,1027,1,350);
INSERT INTO ORDER_DETAILS VALUES (52,1026,1042,1,180);
INSERT INTO ORDER_DETAILS VALUES (53,1027,1028,1,450);
INSERT INTO ORDER_DETAILS VALUES (54,1027,1043,1,55);
INSERT INTO ORDER_DETAILS VALUES (55,1028,1029,1,250);
INSERT INTO ORDER_DETAILS VALUES (56,1028,1044,1,220);
INSERT INTO ORDER_DETAILS VALUES (57,1029,1030,1,300);
INSERT INTO ORDER_DETAILS VALUES (58,1029,1045,1,30);
INSERT INTO ORDER_DETAILS VALUES (59,1030,1031,1,5500);
INSERT INTO ORDER_DETAILS VALUES (60,1030,1041,1,400);
INSERT INTO ORDER_DETAILS VALUES (61,1031,1032,1,12000);
INSERT INTO ORDER_DETAILS VALUES (62,1031,1042,1,180);
INSERT INTO ORDER_DETAILS VALUES (63,1032,1033,1,25000);
INSERT INTO ORDER_DETAILS VALUES (64,1032,1043,1,55);
INSERT INTO ORDER_DETAILS VALUES (65,1033,1034,1,4500);
INSERT INTO ORDER_DETAILS VALUES (66,1033,1044,1,220);
INSERT INTO ORDER_DETAILS VALUES (67,1034,1035,1,18000);
INSERT INTO ORDER_DETAILS VALUES (68,1034,1045,1,30);
INSERT INTO ORDER_DETAILS VALUES (69,1035,1036,1,900);
INSERT INTO ORDER_DETAILS VALUES (70,1035,1041,1,400);
INSERT INTO ORDER_DETAILS VALUES (71,1036,1037,1,1200);
INSERT INTO ORDER_DETAILS VALUES (72,1036,1042,1,180);
INSERT INTO ORDER_DETAILS VALUES (73,1037,1038,1,500);
INSERT INTO ORDER_DETAILS VALUES (74,1037,1043,1,55);
INSERT INTO ORDER_DETAILS VALUES (75,1038,1039,1,1800);
INSERT INTO ORDER_DETAILS VALUES (76,1038,1044,1,220);
INSERT INTO ORDER_DETAILS VALUES (77,1039,1040,1,800);
INSERT INTO ORDER_DETAILS VALUES (78,1039,1045,1,30);
INSERT INTO ORDER_DETAILS VALUES (79,1040,1041,1,400);
INSERT INTO ORDER_DETAILS VALUES (80,1040,1042,1,180);
INSERT INTO ORDER_DETAILS VALUES (81,1041,1042,1,180);
INSERT INTO ORDER_DETAILS VALUES (82,1041,1043,1,55);
INSERT INTO ORDER_DETAILS VALUES (83,1042,1043,1,55);
INSERT INTO ORDER_DETAILS VALUES (84,1042,1044,1,220);
INSERT INTO ORDER_DETAILS VALUES (85,1043,1044,1,220);
INSERT INTO ORDER_DETAILS VALUES (86,1043,1045,1,30);
INSERT INTO ORDER_DETAILS VALUES (87,1044,1045,1,30);
INSERT INTO ORDER_DETAILS VALUES (88,1044,1046,1,3500);
INSERT INTO ORDER_DETAILS VALUES (89,1045,1046,1,3500);
INSERT INTO ORDER_DETAILS VALUES (90,1045,1047,1,2800);
INSERT INTO ORDER_DETAILS VALUES (91,1046,1047,1,2800);
INSERT INTO ORDER_DETAILS VALUES (92,1046,1048,1,900);
INSERT INTO ORDER_DETAILS VALUES (93,1047,1048,1,900);
INSERT INTO ORDER_DETAILS VALUES (94,1047,1049,1,3200);
INSERT INTO ORDER_DETAILS VALUES (95,1048,1049,1,3200);
INSERT INTO ORDER_DETAILS VALUES (96,1048,1050,1,4000);
INSERT INTO ORDER_DETAILS VALUES (97,1049,1050,1,4000);
INSERT INTO ORDER_DETAILS VALUES (98,1049,1001,1,65000);
INSERT INTO ORDER_DETAILS VALUES (99,1050,1002,1,85000);
INSERT INTO ORDER_DETAILS VALUES (100,1050,1003,1,55000);
SELECT * FROM ORDER_DETAILS;

INSERT INTO PAYMENT VALUES (1001,1001,'2026-06-01','UPI',65000,'Success');
INSERT INTO PAYMENT VALUES (1002,1002,'2026-06-02','Card',3500,'Success');
INSERT INTO PAYMENT VALUES (1003,1003,'2026-06-03','Net Banking',55000,'Success');
INSERT INTO PAYMENT VALUES (1004,1004,'2026-06-04','UPI',1200,'Pending');
INSERT INTO PAYMENT VALUES (1005,1005,'2026-06-05','Cash On Delivery',2500,'Failed');
INSERT INTO PAYMENT VALUES (1006,1006,'2026-06-06','Card',1800,'Success');
INSERT INTO PAYMENT VALUES (1007,1007,'2026-06-07','UPI',45000,'Success');
INSERT INTO PAYMENT VALUES (1008,1008,'2026-06-08','Net Banking',3000,'Pending');
INSERT INTO PAYMENT VALUES (1009,1009,'2026-06-09','Card',700,'Success');
INSERT INTO PAYMENT VALUES (1010,1010,'2026-06-10','UPI',32000,'Success');
INSERT INTO PAYMENT VALUES (1011,1011,'2026-06-11','Card',85000,'Success');
INSERT INTO PAYMENT VALUES (1012,1012,'2026-06-12','Net Banking',60000,'Success');
INSERT INTO PAYMENT VALUES (1013,1013,'2026-06-13','UPI',5000,'Pending');
INSERT INTO PAYMENT VALUES (1014,1014,'2026-06-14','Cash On Delivery',1300,'Success');
INSERT INTO PAYMENT VALUES (1015,1015,'2026-06-15','Card',2000,'Failed');
INSERT INTO PAYMENT VALUES (1016,1016,'2026-06-16','UPI',650,'Success');
INSERT INTO PAYMENT VALUES (1017,1017,'2026-06-17','Net Banking',750,'Success');
INSERT INTO PAYMENT VALUES (1018,1018,'2026-06-18','Card',550,'Pending');
INSERT INTO PAYMENT VALUES (1019,1019,'2026-06-19','UPI',800,'Success');
INSERT INTO PAYMENT VALUES (1020,1020,'2026-06-20','Cash On Delivery',12000,'Success');
INSERT INTO PAYMENT VALUES (1021,1021,'2026-06-21','Card',900,'Success');
INSERT INTO PAYMENT VALUES (1022,1022,'2026-06-22','UPI',2500,'Success');
INSERT INTO PAYMENT VALUES (1023,1023,'2026-06-23','Net Banking',600,'Pending');
INSERT INTO PAYMENT VALUES (1024,1024,'2026-06-24','Card',700,'Success');
INSERT INTO PAYMENT VALUES (1025,1025,'2026-06-25','Cash On Delivery',180,'Failed');
INSERT INTO PAYMENT VALUES (1026,1026,'2026-06-26','UPI',350,'Success');
INSERT INTO PAYMENT VALUES (1027,1027,'2026-06-27','Card',450,'Success');
INSERT INTO PAYMENT VALUES (1028,1028,'2026-06-28','Net Banking',250,'Pending');
INSERT INTO PAYMENT VALUES (1029,1029,'2026-06-29','UPI',300,'Success');
INSERT INTO PAYMENT VALUES (1030,1030,'2026-06-30','Card',5500,'Success');
INSERT INTO PAYMENT VALUES (1031,1031,'2026-07-01','Cash On Delivery',12000,'Success');
INSERT INTO PAYMENT VALUES (1032,1032,'2026-07-02','UPI',25000,'Success');
INSERT INTO PAYMENT VALUES (1033,1033,'2026-07-03','Card',4500,'Pending');
INSERT INTO PAYMENT VALUES (1034,1034,'2026-07-04','Net Banking',18000,'Success');
INSERT INTO PAYMENT VALUES (1035,1035,'2026-07-05','Cash On Delivery',900,'Failed');
INSERT INTO PAYMENT VALUES (1036,1036,'2026-07-06','UPI',1200,'Success');
INSERT INTO PAYMENT VALUES (1037,1037,'2026-07-07','Card',500,'Success');
INSERT INTO PAYMENT VALUES (1038,1038,'2026-07-08','Net Banking',1800,'Pending');
INSERT INTO PAYMENT VALUES (1039,1039,'2026-07-09','UPI',800,'Success');
INSERT INTO PAYMENT VALUES (1040,1040,'2026-07-10','Card',400,'Success');
INSERT INTO PAYMENT VALUES (1041,1041,'2026-07-11','UPI',180,'Success');
INSERT INTO PAYMENT VALUES (1042,1042,'2026-07-12','Net Banking',55,'Pending');
INSERT INTO PAYMENT VALUES (1043,1043,'2026-07-13','Card',220,'Success');
INSERT INTO PAYMENT VALUES (1044,1044,'2026-07-14','Cash On Delivery',30,'Failed');
INSERT INTO PAYMENT VALUES (1045,1045,'2026-07-15','UPI',3500,'Success');
INSERT INTO PAYMENT VALUES (1046,1046,'2026-07-16','Card',2800,'Success');
INSERT INTO PAYMENT VALUES (1047,1047,'2026-07-17','Net Banking',900,'Pending');
INSERT INTO PAYMENT VALUES (1048,1048,'2026-07-18','UPI',3200,'Success');
INSERT INTO PAYMENT VALUES (1049,1049,'2026-07-19','Card',4000,'Success');
INSERT INTO PAYMENT VALUES (1050,1050,'2026-07-20','Cash On Delivery',65000,'Success');
SELECT * FROM PAYMENT;

INSERT INTO SHIPPING VALUES (1,1001,'Blue Dart','2026-06-02','2026-06-05','Delivered');
INSERT INTO SHIPPING VALUES (2,1002,'DTDC','2026-06-03','2026-06-06','In Transit');
INSERT INTO SHIPPING VALUES (3,1003,'Delhivery','2026-06-04','2026-06-07','Delivered');
INSERT INTO SHIPPING VALUES (4,1004,'XpressBees','2026-06-05','2026-06-08','Packed');
INSERT INTO SHIPPING VALUES (5,1005,'Ecom Express','2026-06-06','2026-06-09','Returned');
INSERT INTO SHIPPING VALUES (6,1006,'Blue Dart','2026-06-07','2026-06-10','Delivered');
INSERT INTO SHIPPING VALUES (7,1007,'DTDC','2026-06-08','2026-06-11','In Transit');
INSERT INTO SHIPPING VALUES (8,1008,'Delhivery','2026-06-09','2026-06-12','Packed');
INSERT INTO SHIPPING VALUES (9,1009,'XpressBees','2026-06-10','2026-06-13','Delivered');
INSERT INTO SHIPPING VALUES (10,1010,'Ecom Express','2026-06-11','2026-06-14','Delivered');
INSERT INTO SHIPPING VALUES (11,1011,'Blue Dart','2026-06-12','2026-06-15','In Transit');
INSERT INTO SHIPPING VALUES (12,1012,'DTDC','2026-06-13','2026-06-16','Delivered');
INSERT INTO SHIPPING VALUES (13,1013,'Delhivery','2026-06-14','2026-06-17','Packed');
INSERT INTO SHIPPING VALUES (14,1014,'XpressBees','2026-06-15','2026-06-18','Delivered');
INSERT INTO SHIPPING VALUES (15,1015,'Ecom Express','2026-06-16','2026-06-19','Returned');
INSERT INTO SHIPPING VALUES (16,1016,'Blue Dart','2026-06-17','2026-06-20','Delivered');
INSERT INTO SHIPPING VALUES (17,1017,'DTDC','2026-06-18','2026-06-21','In Transit');
INSERT INTO SHIPPING VALUES (18,1018,'Delhivery','2026-06-19','2026-06-22','Packed');
INSERT INTO SHIPPING VALUES (19,1019,'XpressBees','2026-06-20','2026-06-23','Delivered');
INSERT INTO SHIPPING VALUES (20,1020,'Ecom Express','2026-06-21','2026-06-24','Delivered');
INSERT INTO SHIPPING VALUES (21,1021,'Blue Dart','2026-06-22','2026-06-25','In Transit');
INSERT INTO SHIPPING VALUES (22,1022,'DTDC','2026-06-23','2026-06-26','Delivered');
INSERT INTO SHIPPING VALUES (23,1023,'Delhivery','2026-06-24','2026-06-27','Packed');
INSERT INTO SHIPPING VALUES (24,1024,'XpressBees','2026-06-25','2026-06-28','Delivered');
INSERT INTO SHIPPING VALUES (25,1025,'Ecom Express','2026-06-26','2026-06-29','Returned');
INSERT INTO SHIPPING VALUES (26,1026,'Blue Dart','2026-06-27','2026-06-30','Delivered');
INSERT INTO SHIPPING VALUES (27,1027,'DTDC','2026-06-28','2026-07-01','In Transit');
INSERT INTO SHIPPING VALUES (28,1028,'Delhivery','2026-06-29','2026-07-02','Packed');
INSERT INTO SHIPPING VALUES (29,1029,'XpressBees','2026-06-30','2026-07-03','Delivered');
INSERT INTO SHIPPING VALUES (30,1030,'Ecom Express','2026-07-01','2026-07-04','Delivered');
INSERT INTO SHIPPING VALUES (31,1031,'Blue Dart','2026-07-02','2026-07-05','In Transit');
INSERT INTO SHIPPING VALUES (32,1032,'DTDC','2026-07-03','2026-07-06','Delivered');
INSERT INTO SHIPPING VALUES (33,1033,'Delhivery','2026-07-04','2026-07-07','Packed');
INSERT INTO SHIPPING VALUES (34,1034,'XpressBees','2026-07-05','2026-07-08','Delivered');
INSERT INTO SHIPPING VALUES (35,1035,'Ecom Express','2026-07-06','2026-07-09','Returned');
INSERT INTO SHIPPING VALUES (36,1036,'Blue Dart','2026-07-07','2026-07-10','Delivered');
INSERT INTO SHIPPING VALUES (37,1037,'DTDC','2026-07-08','2026-07-11','In Transit');
INSERT INTO SHIPPING VALUES (38,1038,'Delhivery','2026-07-09','2026-07-12','Packed');
INSERT INTO SHIPPING VALUES (39,1039,'XpressBees','2026-07-10','2026-07-13','Delivered');
INSERT INTO SHIPPING VALUES (40,1040,'Ecom Express','2026-07-11','2026-07-14','Delivered');
INSERT INTO SHIPPING VALUES (41,1041,'Blue Dart','2026-07-12','2026-07-15','In Transit');
INSERT INTO SHIPPING VALUES (42,1042,'DTDC','2026-07-13','2026-07-16','Delivered');
INSERT INTO SHIPPING VALUES (43,1043,'Delhivery','2026-07-14','2026-07-17','Packed');
INSERT INTO SHIPPING VALUES (44,1044,'XpressBees','2026-07-15','2026-07-18','Delivered');
INSERT INTO SHIPPING VALUES (45,1045,'Ecom Express','2026-07-16','2026-07-19','Returned');
INSERT INTO SHIPPING VALUES (46,1046,'Blue Dart','2026-07-17','2026-07-20','Delivered');
INSERT INTO SHIPPING VALUES (47,1047,'DTDC','2026-07-18','2026-07-21','In Transit');
INSERT INTO SHIPPING VALUES (48,1048,'Delhivery','2026-07-19','2026-07-22','Packed');
INSERT INTO SHIPPING VALUES (49,1049,'XpressBees','2026-07-20','2026-07-23','Delivered');
INSERT INTO SHIPPING VALUES (50,1050,'Ecom Express','2026-07-21','2026-07-24','Delivered');
SELECT * FROM SHIPPING;

INSERT INTO REVIEW VALUES (1,1001,1001,5,'2026-06-10');
INSERT INTO REVIEW VALUES (2,1002,1002,4,'2026-06-10');
INSERT INTO REVIEW VALUES (3,1003,1003,5,'2026-06-11');
INSERT INTO REVIEW VALUES (4,1004,1004,3,'2026-06-11');
INSERT INTO REVIEW VALUES (5,1005,1005,4,'2026-06-12');
INSERT INTO REVIEW VALUES (6,1006,1006,5,'2026-06-12');
INSERT INTO REVIEW VALUES (7,1007,1007,4,'2026-06-13');
INSERT INTO REVIEW VALUES (8,1008,1008,3,'2026-06-13');
INSERT INTO REVIEW VALUES (9,1009,1009,5,'2026-06-14');
INSERT INTO REVIEW VALUES (10,1010,1010,4,'2026-06-14');
INSERT INTO REVIEW VALUES (11,1011,1011,5,'2026-06-15');
INSERT INTO REVIEW VALUES (12,1012,1012,4,'2026-06-15');
INSERT INTO REVIEW VALUES (13,1013,1013,3,'2026-06-16');
INSERT INTO REVIEW VALUES (14,1014,1014,5,'2026-06-16');
INSERT INTO REVIEW VALUES (15,1015,1015,4,'2026-06-17');
INSERT INTO REVIEW VALUES (16,1016,1016,5,'2026-06-17');
INSERT INTO REVIEW VALUES (17,1017,1017,4,'2026-06-18');
INSERT INTO REVIEW VALUES (18,1018,1018,3,'2026-06-18');
INSERT INTO REVIEW VALUES (19,1019,1019,5,'2026-06-19');
INSERT INTO REVIEW VALUES (20,1020,1020,4,'2026-06-19');
INSERT INTO REVIEW VALUES (21,1021,1021,5,'2026-06-20');
INSERT INTO REVIEW VALUES (22,1022,1022,4,'2026-06-20');
INSERT INTO REVIEW VALUES (23,1023,1023,3,'2026-06-21');
INSERT INTO REVIEW VALUES (24,1024,1024,5,'2026-06-21');
INSERT INTO REVIEW VALUES (25,1025,1025,4,'2026-06-22');
INSERT INTO REVIEW VALUES (26,1026,1026,5,'2026-06-22');
INSERT INTO REVIEW VALUES (27,1027,1027,4,'2026-06-23');
INSERT INTO REVIEW VALUES (28,1028,1028,3,'2026-06-23');
INSERT INTO REVIEW VALUES (29,1029,1029,5,'2026-06-24');
INSERT INTO REVIEW VALUES (30,1030,1030,4,'2026-06-24');
INSERT INTO REVIEW VALUES (31,1001,1031,5,'2026-06-25');
INSERT INTO REVIEW VALUES (32,1002,1032,4,'2026-06-25');
INSERT INTO REVIEW VALUES (33,1003,1033,3,'2026-06-26');
INSERT INTO REVIEW VALUES (34,1004,1034,5,'2026-06-26');
INSERT INTO REVIEW VALUES (35,1005,1035,4,'2026-06-27');
INSERT INTO REVIEW VALUES (36,1006,1036,5,'2026-06-27');
INSERT INTO REVIEW VALUES (37,1007,1037,4,'2026-06-28');
INSERT INTO REVIEW VALUES (38,1008,1038,3,'2026-06-28');
INSERT INTO REVIEW VALUES (39,1009,1039,5,'2026-06-29');
INSERT INTO REVIEW VALUES (40,1010,1040,4,'2026-06-29');
INSERT INTO REVIEW VALUES (41,1011,1041,5,'2026-06-30');
INSERT INTO REVIEW VALUES (42,1012,1042,4,'2026-06-30');
INSERT INTO REVIEW VALUES (43,1013,1043,3,'2026-07-01');
INSERT INTO REVIEW VALUES (44,1014,1044,5,'2026-07-01');
INSERT INTO REVIEW VALUES (45,1015,1045,4,'2026-07-02');
INSERT INTO REVIEW VALUES (46,1016,1046,5,'2026-07-02');
INSERT INTO REVIEW VALUES (47,1017,1047,4,'2026-07-03');
INSERT INTO REVIEW VALUES (48,1018,1048,3,'2026-07-03');
INSERT INTO REVIEW VALUES (49,1019,1049,5,'2026-07-04');
INSERT INTO REVIEW VALUES (50,1020,1050,4,'2026-07-04');
SELECT * FROM REVIEW;

SELECT PRODUCT_NAME,UPPER(PRODUCT_NAME) AS UPPERCASE_PRODUCT_NAME FROM PRODUCT;
SELECT CUSTOMER_NAME,SUBSTR(CUSTOMER_NAME, 1, 5) AS FIRST_5_CHARACTERS FROM CUSTOMER;
SELECT PRODUCT_NAME,LENGTH(PRODUCT_NAME) AS NAME_LENGTH FROM PRODUCT;
SELECT CUSTOMER_NAME,TO_CHAR(REGISTRATION_DATE, 'Month') AS REGISTRATION_MONTH FROM CUSTOMER;
SELECT BRAND_NAME,LOWER(BRAND_NAME) AS LOWERCASE_BRAND_NAME FROM PRODUCT;

SELECT MAX(PRICE) AS HIGHEST_PRODUCT_PRICE FROM PRODUCT;
SELECT MIN(PRICE) AS LOWEST_PRODUCT_PRICE FROM PRODUCT;
SELECT AVG(PRICE) AS AVERAGE_PRODUCT_PRICE FROM PRODUCT;
SELECT SUM(TOTAL_AMOUNT) AS TOTAL_REVENUE FROM ORDERS WHERE ORDER_STATUS <> 'Cancelled';
SELECT COUNT(*) AS TOTAL_ORDERS FROM ORDERS;

SELECT C.CATEGORY_NAME,COUNT(P.PRODUCT_ID) AS PRODUCT_COUNT FROM CATEGORY C
       JOIN PRODUCT P ON C.CATEGORY_ID = P.CATEGORY_ID GROUP BY C.CATEGORY_NAME;
SELECT C.CUSTOMER_NAME,COUNT(O.ORDER_ID) AS ORDER_COUNT FROM CUSTOMER C
       JOIN ORDERS O ON C.CUSTOMER_ID = O.CUSTOMER_ID GROUP BY C.CUSTOMER_NAME;
SELECT C.CATEGORY_NAME,SUM(OD.QUANTITY * OD.UNIT_PRICE) AS SALES_REVENUE FROM CATEGORY C
        JOIN PRODUCT P ON C.CATEGORY_ID = P.CATEGORY_ID
        JOIN ORDER_DETAILS OD ON P.PRODUCT_ID = OD.PRODUCT_ID GROUP BY C.CATEGORY_NAME;
SELECT PAYMENT_MODE,SUM(PAYMENT_AMOUNT) AS TOTAL_REVENUE FROM PAYMENT GROUP BY PAYMENT_MODE;
SELECT BRAND_NAME,COUNT(PRODUCT_ID) AS PRODUCT_COUNT FROM PRODUCT GROUP BY BRAND_NAME;

SELECT C.CATEGORY_NAME,COUNT(P.PRODUCT_ID) AS PRODUCT_COUNT FROM CATEGORY C
       JOIN PRODUCT P ON C.CATEGORY_ID = P.CATEGORY_ID GROUP BY C.CATEGORY_NAME HAVING COUNT(P.PRODUCT_ID) > 5;
SELECT C.CUSTOMER_NAME,COUNT(O.ORDER_ID) AS ORDER_COUNT FROM CUSTOMER C
       JOIN ORDERS O ON C.CUSTOMER_ID = O.CUSTOMER_ID GROUP BY C.CUSTOMER_NAME HAVING COUNT(O.ORDER_ID) > 3;
SELECT C.CATEGORY_NAME,SUM(OD.QUANTITY * OD.UNIT_PRICE) AS TOTAL_REVENUE FROM CATEGORY C
       JOIN PRODUCT P ON C.CATEGORY_ID = P.CATEGORY_ID
       JOIN ORDER_DETAILS OD ON P.PRODUCT_ID = OD.PRODUCT_ID GROUP BY C.CATEGORY_NAME
       HAVING SUM(OD.QUANTITY * OD.UNIT_PRICE) > 100000;

SELECT C.CUSTOMER_NAME,P.PRODUCT_NAME,O.ORDER_DATE,OD.QUANTITY,O.TOTAL_AMOUNT FROM CUSTOMER C
       INNER JOIN ORDERS O ON C.CUSTOMER_ID = O.CUSTOMER_ID
       INNER JOIN ORDER_DETAILS OD ON O.ORDER_ID = OD.ORDER_ID
       INNER JOIN PRODUCT P ON OD.PRODUCT_ID = P.PRODUCT_ID;

SELECT C.CUSTOMER_ID,C.CUSTOMER_NAME,O.ORDER_ID,O.ORDER_DATE,O.ORDER_STATUS FROM CUSTOMER C
        LEFT JOIN ORDERS O ON C.CUSTOMER_ID = O.CUSTOMER_ID;

SELECT P.PRODUCT_ID,P.PRODUCT_NAME,OD.ORDER_ID,OD.QUANTITY FROM ORDER_DETAILS OD
       RIGHT JOIN PRODUCT P ON OD.PRODUCT_ID = P.PRODUCT_ID;

SELECT C.CUSTOMER_ID,C.CUSTOMER_NAME,C.EMAIL,O.ORDER_ID,O.ORDER_DATE,O.ORDER_STATUS,O.TOTAL_AMOUNT FROM CUSTOMER C
       FULL OUTER JOIN ORDERS O ON C.CUSTOMER_ID = O.CUSTOMER_ID;

SELECT C.CUSTOMER_ID,C.CUSTOMER_NAME,CA.CATEGORY_ID,CA.CATEGORY_NAME FROM CUSTOMER C CROSS JOIN CATEGORY CA;

SELECT C.CUSTOMER_NAME,P.PRODUCT_NAME,CA.CATEGORY_NAME,OD.QUANTITY,PA.PAYMENT_AMOUNT,S.SHIPMENT_STATUS FROM CUSTOMER C
       JOIN ORDERS O ON C.CUSTOMER_ID = O.CUSTOMER_ID
       JOIN ORDER_DETAILS OD ON O.ORDER_ID = OD.ORDER_ID
       JOIN PRODUCT P ON OD.PRODUCT_ID = P.PRODUCT_ID
       JOIN CATEGORY CA ON P.CATEGORY_ID = CA.CATEGORY_ID
       JOIN PAYMENT PA ON O.ORDER_ID = PA.ORDER_ID
       JOIN SHIPPING S ON O.ORDER_ID = S.ORDER_ID;

SELECT PRODUCT_ID,PRODUCT_NAME,PRICE FROM PRODUCT
       WHERE PRICE >(SELECT AVG(PRICE)FROM PRODUCT);
SELECT C.CUSTOMER_ID,C.CUSTOMER_NAME,SUM(O.TOTAL_AMOUNT) AS TOTAL_PURCHASE FROM CUSTOMER C
       JOIN ORDERS O ON C.CUSTOMER_ID = O.CUSTOMER_ID GROUP BY C.CUSTOMER_ID, C.CUSTOMER_NAME
       HAVING SUM(O.TOTAL_AMOUNT) >(SELECT SUM(TOTAL_AMOUNT)FROM ORDERS WHERE CUSTOMER_ID=1001);
SELECT PRODUCT_ID,PRODUCT_NAME,PRICE FROM PRODUCT
       WHERE PRICE >(SELECT MAX(PRICE) FROM PRODUCT WHERE CATEGORY_ID = 2);

SELECT DISTINCT C.CUSTOMER_ID,C.CUSTOMER_NAME FROM CUSTOMER C
       WHERE C.CUSTOMER_ID IN(SELECT O.CUSTOMER_ID FROM ORDERS O
       JOIN ORDER_DETAILS OD ON O.ORDER_ID = OD.ORDER_ID
       JOIN PRODUCT P ON OD.PRODUCT_ID = P.PRODUCT_ID WHERE P.CATEGORY_ID IN (1,2));
SELECT PRODUCT_ID,PRODUCT_NAME,PRICE FROM PRODUCT
       WHERE PRICE > ANY(SELECT PRICE FROM PRODUCT WHERE CATEGORY_ID = 1);
SELECT PRODUCT_ID,PRODUCT_NAME,PRICE FROM PRODUCT
       WHERE PRICE > ALL(SELECT PRICE FROM PRODUCT WHERE CATEGORY_ID = 6);

SELECT DISTINCT C.CUSTOMER_ID,C.CUSTOMER_NAME FROM CUSTOMER C
       JOIN ORDERS O ON C.CUSTOMER_ID = O.CUSTOMER_ID
       JOIN ORDER_DETAILS OD ON O.ORDER_ID = OD.ORDER_ID
       JOIN PRODUCT P ON OD.PRODUCT_ID = P.PRODUCT_ID
       WHERE P.CATEGORY_ID =(SELECT CATEGORY_ID FROM(
       SELECT P.CATEGORY_ID,SUM(OD.QUANTITY * OD.UNIT_PRICE) AS REVENUE FROM PRODUCT P
       JOIN ORDER_DETAILS OD ON P.PRODUCT_ID = OD.PRODUCT_ID GROUP BY P.CATEGORY_ID ORDER BY REVENUE DESC
       LIMIT 1) AS TOP_CATEGORY);
SELECT PRODUCT_ID,PRODUCT_NAME,CATEGORY_ID,PRICE FROM PRODUCT
        WHERE CATEGORY_ID =(SELECT CATEGORY_ID FROM(
        SELECT P.CATEGORY_ID,SUM(OD.QUANTITY) AS TOTAL_SALES FROM PRODUCT P
        JOIN ORDER_DETAILS OD ON P.PRODUCT_ID = OD.PRODUCT_ID
        GROUP BY P.CATEGORY_ID ORDER BY TOTAL_SALES DESC
        LIMIT 1) AS MAX_SALES_CATEGORY);

SELECT P1.PRODUCT_ID,P1.PRODUCT_NAME,P1.CATEGORY_ID,P1.PRICE FROM PRODUCT P1
       WHERE P1.PRICE >(SELECT AVG(P2.PRICE)FROM PRODUCT P2
       WHERE P1.CATEGORY_ID = P2.CATEGORY_ID);
SELECT C.CUSTOMER_ID,C.CUSTOMER_NAME,C.CITY,SUM(O.TOTAL_AMOUNT) AS TOTAL_PURCHASE FROM CUSTOMER C
       JOIN ORDERS O ON C.CUSTOMER_ID = O.CUSTOMER_ID
       GROUP BY C.CUSTOMER_ID,C.CUSTOMER_NAME,C.CITY HAVING SUM(O.TOTAL_AMOUNT) >(SELECT AVG(CITY_TOTAL)FROM(
       SELECT SUM(O2.TOTAL_AMOUNT) AS CITY_TOTAL FROM CUSTOMER C2
       JOIN ORDERS O2 ON C2.CUSTOMER_ID = O2.CUSTOMER_ID
       WHERE C2.CITY = C.CITY GROUP BY C2.CUSTOMER_ID) AS CITY_PURCHASES);

SELECT CUSTOMER_ID,CUSTOMER_NAME FROM CUSTOMER C WHERE EXISTS(SELECT FROM ORDERS O 
       WHERE O.CUSTOMER_ID = C.CUSTOMER_ID);
SELECT PRODUCT_ID,PRODUCT_NAME FROM PRODUCT P WHERE EXISTS(SELECT FROM REVIEW R
       WHERE R.PRODUCT_ID = P.PRODUCT_ID);
SELECT CATEGORY_ID,CATEGORY_NAME FROM CATEGORY C
       WHERE EXISTS(SELECT FROM PRODUCT P WHERE P.CATEGORY_ID = C.CATEGORY_ID);

SELECT CUSTOMER_ID,CUSTOMER_NAME FROM CUSTOMER C
       WHERE NOT EXISTS(SELECT FROM ORDERS O WHERE O.CUSTOMER_ID = C.CUSTOMER_ID);
SELECT PRODUCT_ID,PRODUCT_NAME FROM PRODUCT P
       WHERE NOT EXISTS(SELECT FROM ORDER_DETAILS OD WHERE OD.PRODUCT_ID = P.PRODUCT_ID);
SELECT PRODUCT_ID,PRODUCT_NAME FROM PRODUCT P
       WHERE NOT EXISTS(SELECT FROM REVIEW R WHERE R.PRODUCT_ID = P.PRODUCT_ID);
SELECT CATEGORY_ID,CATEGORY_NAME FROM CATEGORY C
       WHERE NOT EXISTS(SELECT FROM PRODUCT P WHERE P.CATEGORY_ID = C.CATEGORY_ID);

CREATE TABLE CURRENT_CUSTOMERS(CUSTOMER_ID INT,CUSTOMER_NAME VARCHAR(50));
CREATE TABLE PREMIUM_CUSTOMERS(CUSTOMER_ID INT,CUSTOMER_NAME VARCHAR(50));

INSERT INTO CURRENT_CUSTOMERS VALUES (1001,'Poziya');
INSERT INTO CURRENT_CUSTOMERS VALUES (1002,'Hajeera');
INSERT INTO CURRENT_CUSTOMERS VALUES (1003,'Azar');
INSERT INTO CURRENT_CUSTOMERS VALUES (1004,'Raffia');
INSERT INTO CURRENT_CUSTOMERS VALUES (1005,'Yasar');

INSERT INTO PREMIUM_CUSTOMERS VALUES (1003,'Azar');
INSERT INTO PREMIUM_CUSTOMERS VALUES (1004,'Raffia');
INSERT INTO PREMIUM_CUSTOMERS VALUES (1005,'Kousar');
INSERT INTO PREMIUM_CUSTOMERS VALUES (1006,'Ansar');
INSERT INTO PREMIUM_CUSTOMERS VALUES (1007,'Anjali');

SELECT * FROM CURRENT_CUSTOMERS
UNION
SELECT * FROM PREMIUM_CUSTOMERS;
SELECT * FROM CURRENT_CUSTOMERS
UNION ALL
SELECT * FROM PREMIUM_CUSTOMERS;
SELECT * FROM CURRENT_CUSTOMERS
INTERSECT
SELECT * FROM PREMIUM_CUSTOMERS;
SELECT * FROM CURRENT_CUSTOMERS
EXCEPT
SELECT * FROM PREMIUM_CUSTOMERS;

CREATE VIEW CUSTOMER_ORDER_REPORT AS SELECT C.CUSTOMER_NAME,O.ORDER_ID,O.ORDER_DATE,O.TOTAL_AMOUNT FROM CUSTOMER C
       JOIN ORDERS O ON C.CUSTOMER_ID = O.CUSTOMER_ID;
SELECT * FROM CUSTOMER_ORDER_REPORT;

CREATE VIEW PRODUCT_SALES_REPORT AS SELECT P.PRODUCT_NAME,SUM(OD.QUANTITY) AS QUANTITY_SOLD,SUM(OD.QUANTITY * OD.UNIT_PRICE) AS REVENUE_GENERATED FROM PRODUCT P
       JOIN ORDER_DETAILS OD ON P.PRODUCT_ID = OD.PRODUCT_ID GROUP BY P.PRODUCT_NAME;
SELECT * FROM PRODUCT_SALES_REPORT;

CREATE VIEW PAYMENT_SUMMARY_REPORT AS SELECT PAYMENT_MODE,COUNT(PAYMENT_ID) AS TOTAL_TRANSACTIONS,
       SUM(PAYMENT_AMOUNT) AS REVENUE FROM PAYMENT GROUP BY PAYMENT_MODE;
SELECT * FROM PAYMENT_SUMMARY_REPORT;

CREATE INDEX IDX_CUSTOMER_NAME ON CUSTOMER(CUSTOMER_NAME);
SELECT * FROM CUSTOMER WHERE CUSTOMER_NAME = 'Priya';
CREATE INDEX IDX_CUSTOMER_EMAIL ON CUSTOMER(EMAIL);
SELECT * FROM CUSTOMER WHERE EMAIL = 'priya2@gmail.com';
CREATE INDEX IDX_PRODUCT_NAME ON PRODUCT(PRODUCT_NAME);
SELECT * FROM PRODUCT WHERE PRODUCT_NAME = 'iPhone 16';
CREATE INDEX IDX_ORDER_DATE ON ORDERS(ORDER_DATE);
SELECT * FROM ORDERS WHERE ORDER_DATE = '2026-06-01';
CREATE INDEX IDX_MOBILE_NO ON CUSTOMER(MOBILE_NO);
SELECT * FROM CUSTOMER WHERE MOBILE_NO = '9876543210';
