DROP TABLE IF EXISTS PERFORMANCE CASCADE;
DROP TABLE IF EXISTS LEAVE_REQUEST CASCADE;
DROP TABLE IF EXISTS PAYROLL CASCADE;
DROP TABLE IF EXISTS ATTENDANCE CASCADE;
DROP TABLE IF EXISTS EMPLOYEE CASCADE;
DROP TABLE IF EXISTS DESIGNATION CASCADE;
DROP TABLE IF EXISTS DEPARTMENT CASCADE;
CREATE TABLE DEPARTMENT(DEPT_ID INT PRIMARY KEY, DEPT_NAME VARCHAR(50) NOT NULL UNIQUE, LOCATION VARCHAR(50));

CREATE TABLE DESIGNATION(DESIG_ID INT PRIMARY KEY, DESIG_NAME VARCHAR(50) UNIQUE, MIN_SALARY INT CHECK (MIN_SALARY > 0),
                           MAX_SALARY INT CHECK (MAX_SALARY > MIN_SALARY));

CREATE TABLE EMPLOYEE(EMP_ID INT PRIMARY KEY,EMP_NAME VARCHAR(50) NOT NULL,EMAIL VARCHAR(100) UNIQUE,MOBILE_NO VARCHAR(15) UNIQUE,
    GENDER VARCHAR(10)CHECK (GENDER IN ('Male','Female','Other')),DOJ DATE,SALARY INT CHECK (SALARY > 10000),
	DEPT_ID INT,FOREIGN KEY (DEPT_ID)REFERENCES DEPARTMENT(DEPT_ID),
    DESIG_ID INT,FOREIGN KEY (DESIG_ID)REFERENCES DESIGNATION(DESIG_ID),
     MANAGER_ID INT,FOREIGN KEY (MANAGER_ID)REFERENCES EMPLOYEE(EMP_ID));

CREATE TABLE ATTENDANCE(ATT_ID INT PRIMARY KEY, EMP_ID INT,FOREIGN KEY (EMP_ID)REFERENCES EMPLOYEE(EMP_ID),
                        ATT_DATE DATE NOT NULL,ATT_STATUS VARCHAR(20)CHECK (ATT_STATUS IN ('Present','Absent','Leave')));

CREATE TABLE PAYROLL( PAYROLL_ID INT PRIMARY KEY,EMP_ID INT,FOREIGN KEY (EMP_ID)REFERENCES EMPLOYEE(EMP_ID),
    PAY_MONTH VARCHAR(20),BASIC_SALARY INT,BONUS INT CHECK (BONUS >= 0),DEDUCTION INT CHECK (DEDUCTION >= 0),
    NET_SALARY INT CHECK (NET_SALARY > 0));    

CREATE TABLE LEAVE_REQUEST(LEAVE_ID INT PRIMARY KEY,EMP_ID INT,FOREIGN KEY (EMP_ID)REFERENCES EMPLOYEE(EMP_ID),
        LEAVE_TYPE VARCHAR(30),FROM_DATE DATE,TO_DATE DATE,
         LEAVE_STATUS VARCHAR(20)CHECK (LEAVE_STATUS IN ('Pending','Approved','Rejected')));

CREATE TABLE PERFORMANCE(PERFOR_ID INT PRIMARY KEY,EMP_ID INT,FOREIGN KEY (EMP_ID)REFERENCES EMPLOYEE(EMP_ID),REVIEW_PERIOD VARCHAR(30),
    RATING INT CHECK (RATING BETWEEN 1 AND 5),REMARKS VARCHAR(200));

CREATE SEQUENCE EMP_SEQ START WITH 1001
INCREMENT BY 1;

CREATE SEQUENCE PAYROLL_SEQ START WITH 1001
INCREMENT BY 1;

CREATE SEQUENCE ATT_SEQ START WITH 1001
INCREMENT BY 1;

CREATE SEQUENCE LEAVE_SEQ START WITH 1001
INCREMENT BY 1;

INSERT INTO DEPARTMENT VALUES (1, 'HR', 'Chennai');
INSERT INTO DEPARTMENT VALUES (2, 'IT', 'Bangalore');
INSERT INTO DEPARTMENT VALUES (3, 'Finance', 'Hosur');
INSERT INTO DEPARTMENT VALUES (4, 'Marketing', 'Vellore');
INSERT INTO DEPARTMENT VALUES (5, 'Sales', 'chennai');
INSERT INTO DEPARTMENT VALUES (6, 'Designer', 'Mumbai');
INSERT INTO DEPARTMENT VALUES (7, 'Artist', 'Delhi');
INSERT INTO DEPARTMENT VALUES (8, 'Nutrition', 'Kolkata');
INSERT INTO DEPARTMENT VALUES (9, 'Chemical', 'Coimbatore');
INSERT INTO DEPARTMENT VALUES (10, 'Mathematics', 'Hyderbad');
SELECT * FROM DEPARTMENT;

INSERT INTO DESIGNATION VALUES(1,'Financer',50000,100000);
INSERT INTO DESIGNATION VALUES(2,'Manager',60000,85000);
INSERT INTO DESIGNATION VALUES(3,'Developer',70000,90000);
INSERT INTO DESIGNATION VALUES(4,'Accountant',80000,95000);
INSERT INTO DESIGNATION VALUES(5,'HR Executer',65000,80000);
INSERT INTO DESIGNATION VALUES(6,'Software developer',30000,50000);
INSERT INTO DESIGNATION VALUES(7,'Project Manager',40000,60000);
INSERT INTO DESIGNATION VALUES(8,'Business Analyst',55000,75000);
INSERT INTO DESIGNATION VALUES(9,'Team Lead',45000,65000);
INSERT INTO DESIGNATION VALUES(10,'System Administration',75000,85000);
SELECT * FROM DESIGNATION;

INSERT INTO EMPLOYEE VALUES(11,'Pozi','poziya01@gmail.com','7412356862','Female','02-01-2005',65000,1,2,NULL);
INSERT INTO EMPLOYEE VALUES(12,'Haji','haji02@gmail.com','9876543210','Female','21-02-2003',60000,2,4,11);
INSERT INTO EMPLOYEE VALUES(13,'Azar','azar@gmail.com','8765432198','Male','13-08-2001',65000,3,6,12);
INSERT INTO EMPLOYEE VALUES(14,'Rafi','rafi13@gmail.com','7890654321','Female','13-02-2007',55000,4,8,13);
INSERT INTO EMPLOYEE VALUES(15,'Irfan','irfan@gmail.com','6543217890','Male','04-11-2001',70000,5,10,14);
INSERT INTO EMPLOYEE VALUES(16,'Jessi','jessi@gmail.com','8976576549','Female','25-09-2004',40000,6,1,15);
INSERT INTO EMPLOYEE VALUES(17,'Kousar','Kousar@gmail.com','9087987650','Female','25-11-2016',45000,7,3,16);
INSERT INTO EMPLOYEE VALUES(18,'Yasar','yasar@gmail.com','7865454539','Male','15-07-2012',60000,8,5,17);
INSERT INTO EMPLOYEE VALUES(19,'Ansar','ansar@gmail.com','9123232356','Male','09-06-2014',85000,9,7,18);
INSERT INTO EMPLOYEE VALUES(20,'sanan','sanan@gmail.com','9080790608','Male','10-06-2012',70000,10,9,19);
INSERT INTO EMPLOYEE VALUES(21,'Hanees','hanees@gmail.com','6324897098','Male','25-11-2005',59000,10,1,20);
INSERT INTO EMPLOYEE VALUES(22,'Tamil','tamil@gmail.com','8768686879','Female','27-11-2005',76000,9,2,21);
INSERT INTO EMPLOYEE VALUES(23,'Nithiya','nithi@gmail.com','6575756789','Female','13-11-2004',69000,8,3,22);
INSERT INTO EMPLOYEE VALUES(24,'Pavi','pavi3@gmail.com','9876766543','Female','04-12-2005',54000,7,2,23);
INSERT INTO EMPLOYEE VALUES(25,'Sandy','sandy@gmail.com','6090807060','Female','04-11-2005',73000,6,1,24);
INSERT INTO EMPLOYEE VALUES(26,'Sownd','sownd@gmail.com','8034567896','Female','02-10-2005',67000,5,1,25);
INSERT INTO EMPLOYEE VALUES(27,'Koushi','koushi@gmail.com','6234567890','Female','29-08-2004',60000,4,2,26);
INSERT INTO EMPLOYEE VALUES(28,'Saran','sara@gmail.com','7890123456','Male','13-08-2000',65000,3,3,27);
INSERT INTO EMPLOYEE VALUES(29,'Gokul','gokul@gmail.com','1234567890','Male','17-07-2005',58000,2,2,28);
INSERT INTO EMPLOYEE VALUES(30,'Madhan','madhan@gmail.com','7123456789','Male','06-12-2003',78000,1,1,29);
INSERT INTO EMPLOYEE VALUES(31,'Asina','asina@gmail.com','9585657585','Female','12-08-1997',67000,8,7,30);
INSERT INTO EMPLOYEE VALUES(32,'Muskira','musk@gmail.com',' 7321980567','Female','24-02-2011',53000,7,6,31);
INSERT INTO EMPLOYEE VALUES(33,'parveen','parveen@gmail.com','8976543290','Female','17-08-2000',49000,6,5,32);
INSERT INTO EMPLOYEE VALUES(34,'praveen','praveen@gmail.com','9943526758','Male','15-07-2001',30000,5,4,33);
INSERT INTO EMPLOYEE VALUES(35,'Priyanka','priya@gmail.com','7418675439','Female','04-05-2009',20000,4,3,34);
INSERT INTO EMPLOYEE VALUES(36,'Ameed','ameed@gmail.com','9787465328','Male','02-01-2010',16000,3,2,35);
INSERT INTO EMPLOYEE VALUES(37,'Abdul','abdul@gmail.com','6323454678','Male','21-02-2011',29000,2,1,36);
INSERT INTO EMPLOYEE VALUES(38,'Shami','shami@gmail.com','6794374653','Male','13-08-1989',65000,3,3,37);
INSERT INTO EMPLOYEE VALUES(39,'shabana','shabana@gmail.com','7890645321','Female','13-03-1983',52000,4,9,38);
INSERT INTO EMPLOYEE VALUES(40,'Reshma','resh@gmail.com','6543271890','Female','09-11-1992',63000,5,1,39);
INSERT INTO EMPLOYEE VALUES(41,'Usman','usman@gmail.com','7412536862','Male','02-01-1975',45000,9,1,40);
INSERT INTO EMPLOYEE VALUES(42,'Sultan','sultan@gmail.com','9875643210','Male','25-06-1970',25000,5,3,41);
INSERT INTO EMPLOYEE VALUES(43,'Masthan','Masthan@gmail.com','8760932198','Male','13-08-1978',29000,7,1,42);
INSERT INTO EMPLOYEE VALUES(44,'Asyath','asyath@gmail.com','7890324321','Male','10-06-2018',54000,10,7,43);
INSERT INTO EMPLOYEE VALUES(45,'Noor','noor@gmail.com','6543216390','Female','04-09-1986',80000,9,4,44);
INSERT INTO EMPLOYEE VALUES(46,'Arfa','arfa@gmail.com','7412360862','Female','01-07-2010',57000,8,10,45);
INSERT INTO EMPLOYEE VALUES(47,'Hari','hari@gmail.com','9875605021','Male','23-02-2003',69000,3,2,46);
INSERT INTO EMPLOYEE VALUES(48,'Revi','revi@gmail.com','8765412198','Female','13-08-2006',68000,5,7,47);
INSERT INTO EMPLOYEE VALUES(49,'Lathi','lathi@gmail.com','7892054321','Female','22-12-2005',45000,9,10,48);
INSERT INTO EMPLOYEE VALUES(50,'Suba','suba@gmail.com','6543265890','Female','04-12-2005',35000,5,1,49);
INSERT INTO EMPLOYEE VALUES(51,'Abi','abi@gmail.com','7412389262','Female','08-07-2006',30000,4,4,50);
INSERT INTO EMPLOYEE VALUES(52,'Kathar','kathar@gmail.com','9876576210','Male','21-02-1960',15000,5,5,51);
INSERT INTO EMPLOYEE VALUES(53,'Dilshath','dilshath@gmail.com','8764032198','Female','13-08-1970',16000,7,3,52);
INSERT INTO EMPLOYEE VALUES(54,'Mumtaj','mumtaj@gmail.com','7899454321','Female','13-02-1987',59000,8,2,53);
INSERT INTO EMPLOYEE VALUES(55,'Navas','navas@gmail.com','5678909873','Male','10-12-2003',70000,9,1,54);
INSERT INTO EMPLOYEE VALUES(56,'Thanveer','thanveer@gmail.com','2134567889','Male','10-04-2005',65000,2,7,55);
INSERT INTO EMPLOYEE VALUES(57,'Dora','dora@gmail.com','8897767733','Female','12-09-2003',60000,2,5,56);
INSERT INTO EMPLOYEE VALUES(58,'Shinchan','shinchan@gmail.com','9733665522','Male','05-05-2001',65000,1,3,57);
INSERT INTO EMPLOYEE VALUES(59,'Nobita','nobi@gmail.com','6548090933','Male','07-08-2007',80000,4,2,58);
INSERT INTO EMPLOYEE VALUES(60,'Naruto','hokage7@gmail.com','9898788653','Male','10-10-2000',79000,7,7,59);
SELECT * FROM EMPLOYEE;
    
INSERT INTO ATTENDANCE VALUES(101,11,'01-04-2026','Present');
INSERT INTO ATTENDANCE VALUES(102,12,'02-04-2026','Absent');
INSERT INTO ATTENDANCE VALUES(103,13,'03-04-2026','Present');
INSERT INTO ATTENDANCE VALUES(104,14,'04-04-2026','Present');
INSERT INTO ATTENDANCE VALUES(105,15,'05-04-2026','Leave');
INSERT INTO ATTENDANCE VALUES(106,16,'06-04-2026','Present');
INSERT INTO ATTENDANCE VALUES(107,17,'07-04-2026','Present');
INSERT INTO ATTENDANCE VALUES(108,18,'08-04-2026','Present');
INSERT INTO ATTENDANCE VALUES(109,19,'09-04-2026','Absent');
INSERT INTO ATTENDANCE VALUES(110,20,'10-04-2026','Present');
INSERT INTO ATTENDANCE VALUES(111,21,'11-04-2026','Present');
INSERT INTO ATTENDANCE VALUES(112,22,'12-04-2026','Leave');
INSERT INTO ATTENDANCE VALUES(113,23,'13-04-2026','Absent');
INSERT INTO ATTENDANCE VALUES(114,24,'14-04-2026','Absent');
INSERT INTO ATTENDANCE VALUES(115,25,'15-04-2026','Present');
INSERT INTO ATTENDANCE VALUES(116,26,'16-04-2026','Absent');
INSERT INTO ATTENDANCE VALUES(117,27,'17-04-2026','Present');
INSERT INTO ATTENDANCE VALUES(118,28,'18-04-2026','Absent');
INSERT INTO ATTENDANCE VALUES(119,29,'19-04-2026','Leave');
INSERT INTO ATTENDANCE VALUES(120,30,'20-04-2026','Present');
INSERT INTO ATTENDANCE VALUES(121,31,'21-04-2026','Absent');
INSERT INTO ATTENDANCE VALUES(122,32,'22-04-2026','Present');
INSERT INTO ATTENDANCE VALUES(123,33,'23-04-2026','Present');
INSERT INTO ATTENDANCE VALUES(124,34,'24-04-2026','Absent');
INSERT INTO ATTENDANCE VALUES(125,35,'25-04-2026','Present');
INSERT INTO ATTENDANCE VALUES(126,36,'26-04-2026','Leave');
INSERT INTO ATTENDANCE VALUES(127,37,'27-04-2026','Present');
INSERT INTO ATTENDANCE VALUES(128,38,'28-04-2026','Present');
INSERT INTO ATTENDANCE VALUES(129,39,'29-04-2026','Present');
INSERT INTO ATTENDANCE VALUES(130,40,'30-04-2026','Absent');
INSERT INTO ATTENDANCE VALUES(131,41,'01-05-2026','Present');
INSERT INTO ATTENDANCE VALUES(132,42,'02-05-2026','Present');
INSERT INTO ATTENDANCE VALUES(133,43,'03-05-2026','Leave');
INSERT INTO ATTENDANCE VALUES(134,44,'04-05-2026','Absent');
INSERT INTO ATTENDANCE VALUES(135,45,'05-05-2026','Present');
INSERT INTO ATTENDANCE VALUES(136,46,'06-05-2026','Absent');
INSERT INTO ATTENDANCE VALUES(137,47,'07-05-2026','Present');
INSERT INTO ATTENDANCE VALUES(138,48,'08-05-2026','Absent');
INSERT INTO ATTENDANCE VALUES(139,49,'09-05-2026','Present');
INSERT INTO ATTENDANCE VALUES(140,50,'10-05-2026','Leave');
INSERT INTO ATTENDANCE VALUES(141,51,'11-05-2026','Present');
INSERT INTO ATTENDANCE VALUES(142,52,'12-05-2026','Absent');
INSERT INTO ATTENDANCE VALUES(143,53,'13-05-2026','Present');
INSERT INTO ATTENDANCE VALUES(144,54,'14-05-2026','Absent');
INSERT INTO ATTENDANCE VALUES(145,55,'15-05-2026','Present');
INSERT INTO ATTENDANCE VALUES(146,56,'16-05-2026','Absent');
INSERT INTO ATTENDANCE VALUES(147,57,'17-05-2026','Leave');
INSERT INTO ATTENDANCE VALUES(148,58,'18-05-2026','Present');
INSERT INTO ATTENDANCE VALUES(149,59,'19-05-2026','Absent');
INSERT INTO ATTENDANCE VALUES(150,60,'20-05-2026','Present');
INSERT INTO ATTENDANCE VALUES(151,11,'21-05-2026','Present');
INSERT INTO ATTENDANCE VALUES(152,12,'22-05-2026','Absent');
INSERT INTO ATTENDANCE VALUES(153,13,'23-05-2026','Present');
INSERT INTO ATTENDANCE VALUES(154,14,'24-05-2026','Leave');
INSERT INTO ATTENDANCE VALUES(155,15,'25-05-2026','Present');
INSERT INTO ATTENDANCE VALUES(156,16,'26-05-2026','Absent');
INSERT INTO ATTENDANCE VALUES(157,17,'27-05-2026','Present');
INSERT INTO ATTENDANCE VALUES(158,18,'28-05-2026','Absent');
INSERT INTO ATTENDANCE VALUES(159,19,'29-05-2026','Present');
INSERT INTO ATTENDANCE VALUES(160,20,'30-05-2026','Present');
INSERT INTO ATTENDANCE VALUES(161,21,'31-05-2026','Leave');
INSERT INTO ATTENDANCE VALUES(162,22,'01-06-2026','Present');
INSERT INTO ATTENDANCE VALUES(163,23,'02-06-2026','Absent');
INSERT INTO ATTENDANCE VALUES(164,24,'03-06-2026','Present');
INSERT INTO ATTENDANCE VALUES(165,25,'04-06-2026','Absent');
INSERT INTO ATTENDANCE VALUES(166,26,'05-06-2026','Present');
INSERT INTO ATTENDANCE VALUES(167,27,'06-06-2026','Present');
INSERT INTO ATTENDANCE VALUES(168,28,'07-06-2026','Leave');
INSERT INTO ATTENDANCE VALUES(169,29,'08-06-2026','Present');
INSERT INTO ATTENDANCE VALUES(170,30,'09-06-2026','Present');
INSERT INTO ATTENDANCE VALUES(171,31,'10-06-2026','Present');
INSERT INTO ATTENDANCE VALUES(172,32,'11-06-2026','Present');
INSERT INTO ATTENDANCE VALUES(173,33,'12-06-2026','Present');
INSERT INTO ATTENDANCE VALUES(174,34,'13-06-2026','Present');
INSERT INTO ATTENDANCE VALUES(175,35,'14-06-2026','Leave');
INSERT INTO ATTENDANCE VALUES(176,36,'15-06-2026','Leave');
INSERT INTO ATTENDANCE VALUES(177,37,'16-06-2026','Present');
INSERT INTO ATTENDANCE VALUES(178,38,'17-06-2026','Absent');
INSERT INTO ATTENDANCE VALUES(179,39,'18-06-2026','Present');
INSERT INTO ATTENDANCE VALUES(180,40,'19-06-2026','Absent');
INSERT INTO ATTENDANCE VALUES(181,41,'20-06-2026','Present');
INSERT INTO ATTENDANCE VALUES(182,42,'21-06-2026','Leave');
INSERT INTO ATTENDANCE VALUES(183,43,'22-06-2026','Present');
INSERT INTO ATTENDANCE VALUES(184,44,'23-06-2026','Present');
INSERT INTO ATTENDANCE VALUES(185,45,'24-06-2026','Absent');
INSERT INTO ATTENDANCE VALUES(186,46,'25-06-2026','Present');
INSERT INTO ATTENDANCE VALUES(187,47,'26-06-2026','Present');
INSERT INTO ATTENDANCE VALUES(188,48,'27-06-2026','Absent');
INSERT INTO ATTENDANCE VALUES(189,49,'28-06-2026','Leave');
INSERT INTO ATTENDANCE VALUES(190,50,'29-06-2026','Present');
INSERT INTO ATTENDANCE VALUES(191,51,'30-06-2026','Present');
INSERT INTO ATTENDANCE VALUES(192,52,'01-07-2026','Present');
INSERT INTO ATTENDANCE VALUES(193,53,'02-07-2026','Absent');
INSERT INTO ATTENDANCE VALUES(194,54,'03-07-2026','Present');
INSERT INTO ATTENDANCE VALUES(195,55,'04-07-2026','Present');
INSERT INTO ATTENDANCE VALUES(196,56,'05-07-2026','Leave');
INSERT INTO ATTENDANCE VALUES(197,57,'06-07-2026','Absent');
INSERT INTO ATTENDANCE VALUES(198,58,'07-07-2026','Present');
INSERT INTO ATTENDANCE VALUES(199,59,'08-07-2026','Absent');
INSERT INTO ATTENDANCE VALUES(200,60,'09-07-2026','Present');
INSERT INTO ATTENDANCE VALUES(201,11,'10-07-2026','Present');
INSERT INTO ATTENDANCE VALUES(202,11,'11-07-2026','Present');
INSERT INTO ATTENDANCE VALUES(203,11,'12-07-2026','Present');
SELECT * FROM ATTENDANCE;

INSERT INTO PAYROLL VALUES (1001,11,'MAY-2026',65000,5000,2000,68000);
INSERT INTO PAYROLL VALUES (1002,12,'MAY-2026',70000,6000,1000,75000);
INSERT INTO PAYROLL VALUES (1003,13,'MAY-2026',75000,7000,3000,79000);
INSERT INTO PAYROLL VALUES (1004,14,'MAY-2026',80000,8000,1000,87000);
INSERT INTO PAYROLL VALUES (1005,15,'MAY-2026',85000,9000,2000,92000);
INSERT INTO PAYROLL VALUES (1006,16,'MAY-2026',90000,6000,3000,93000);
INSERT INTO PAYROLL VALUES (1007,17,'MAY-2026',95000,5000,1000,99000);
INSERT INTO PAYROLL VALUES (1008,18,'MAY-2026',45000,3000,2000,46000);
INSERT INTO PAYROLL VALUES (1009,19,'MAY-2026',40000,5000,3000,42000);
INSERT INTO PAYROLL VALUES (1010,20,'MAY-2026',35000,6000,1000,40000);
INSERT INTO PAYROLL VALUES (1011,21,'MAY-2026',30000,8000,2000,36000);
INSERT INTO PAYROLL VALUES (1012,22,'MAY-2026',25000,9000,3000,31000);
INSERT INTO PAYROLL VALUES (1013,23,'MAY-2026',20000,7000,1000,26000);
INSERT INTO PAYROLL VALUES (1014,24,'MAY-2026',15000,8000,2000,22000);
INSERT INTO PAYROLL VALUES (1015,25,'MAY-2026',10000,9000,3000,16000);
INSERT INTO PAYROLL VALUES (1016,26,'JUNE-2026',65000,7000,1000,72000);
INSERT INTO PAYROLL VALUES (1017,27,'JUNE-2026',55000,6000,2000,59000);
INSERT INTO PAYROLL VALUES (1018,28,'JUNE-2026',75000,5000,3000,77000);
INSERT INTO PAYROLL VALUES (1019,29,'JUNE-2026',85000,4000,1000,88000);
INSERT INTO PAYROLL VALUES (1020,30,'JUNE-2026',95000,3000,2000,96000);
INSERT INTO PAYROLL VALUES (1021,31,'JUNE-2026',45000,2000,3000,44000);
INSERT INTO PAYROLL VALUES (1022,32,'JUNE-2026',35000,7000,1000,41000);
INSERT INTO PAYROLL VALUES (1023,33,'JUNE-2026',25000,5000,2000,28000);
INSERT INTO PAYROLL VALUES (1024,34,'JUNE-2026',20000,6000,3000,23000);
INSERT INTO PAYROLL VALUES (1025,35,'JUNE-2026',30000,4000,1000,33000);
INSERT INTO PAYROLL VALUES (1026,36,'JUNE-2026',40000,6000,2000,44000);
INSERT INTO PAYROLL VALUES (1027,37,'JUNE-2026',50000,5000,3000,52000);
INSERT INTO PAYROLL VALUES (1028,38,'JUNE-2026',60000,9000,1000,68000);
INSERT INTO PAYROLL VALUES (1029,39,'JUNE-2026',70000,5000,2000,73000);
INSERT INTO PAYROLL VALUES (1030,40,'JUNE-2026',80000,7000,3000,84000);
INSERT INTO PAYROLL VALUES (1031,41,'JUNE-2026',90000,8000,1000,97000);
INSERT INTO PAYROLL VALUES (1032,42,'JUNE-2026',38000,5000,2000,41000);
INSERT INTO PAYROLL VALUES (1033,43,'JUNE-2026',59000,4000,3000,60000);
INSERT INTO PAYROLL VALUES (1034,44,'JUNE-2026',48000,3000,1000,50000);
INSERT INTO PAYROLL VALUES (1035,45,'JUNE-2026',76000,6000,2000,80000);
INSERT INTO PAYROLL VALUES (1036,46,'JUNE-2026',32000,7000,3000,37000);
INSERT INTO PAYROLL VALUES (1037,47,'JUNE-2026',57000,6000,1000,62000);
INSERT INTO PAYROLL VALUES (1038,48,'JUNE-2026',63000,5000,2000,66000);
INSERT INTO PAYROLL VALUES (1039,49,'JUNE-2026',73000,4000,3000,74000);
INSERT INTO PAYROLL VALUES (1040,50,'JUNE-2026',81000,4000,1000,84000);
INSERT INTO PAYROLL VALUES (1041,51,'JUNE-2026',31000,3000,2000,32000);
INSERT INTO PAYROLL VALUES (1042,52,'JUNE-2026',32000,5000,3000,34000);
INSERT INTO PAYROLL VALUES (1043,53,'JUNE-2026',41000,7000,1000,46000);
INSERT INTO PAYROLL VALUES (1044,54,'JUNE-2026',48000,9000,2000,55000);
INSERT INTO PAYROLL VALUES (1045,55,'JUNE-2026',52000,5000,3000,54000);
INSERT INTO PAYROLL VALUES (1046,56,'JUNE-2026',22000,4000,1000,25000);
INSERT INTO PAYROLL VALUES (1047,57,'JUNE-2026',17000,3000,2000,18000);
INSERT INTO PAYROLL VALUES (1048,58,'JUNE-2026',59000,6000,3000,62000);
INSERT INTO PAYROLL VALUES (1049,59,'JUNE-2026',79000,7000,1000,85000);
INSERT INTO PAYROLL VALUES (1050,60,'JUNE-2026',89000,8000,2000,95000);
SELECT * FROM PAYROLL;

INSERT INTO LEAVE_REQUEST VALUES (10,11,'Vacation','15-06-2026','20-06-2026','Pending');
INSERT INTO LEAVE_REQUEST VALUES (20,12,'Fever','14-06-2026','17-06-2026','Approved');
INSERT INTO LEAVE_REQUEST VALUES (30,13,'Stomache','16-06-2026','17-06-2026','Approved');
INSERT INTO LEAVE_REQUEST VALUES (40,14,'Head pain','17-06-2026','18-06-2026','Approved');
INSERT INTO LEAVE_REQUEST VALUES (50,15,'Personal leave','13-06-2026','12-06-2026','Rejected');
INSERT INTO LEAVE_REQUEST VALUES (60,16,'Marriage','20-06-2026','25-06-2026','Approved');
INSERT INTO LEAVE_REQUEST VALUES (70,17,'Baby ceremony','10-06-2026','12-06-2026','Approved');
INSERT INTO LEAVE_REQUEST VALUES (80,18,'Birthday function','07-06-2026','08-06-2026','Pending');
INSERT INTO LEAVE_REQUEST VALUES (90,19,'Ear Piercing', '08-06-2026','09-06-2026','Pending');
INSERT INTO LEAVE_REQUEST VALUES (100,20,'Housewarming function','10-06-2026','11-06-2026','Approved');
INSERT INTO LEAVE_REQUEST VALUES (110,21,'Puberty function','16-06-2026','18-06-2026','Pending');
INSERT INTO LEAVE_REQUEST VALUES (120,22,'Leg pain','23-06-2026','24-06-2026','Approved');
INSERT INTO LEAVE_REQUEST VALUES (130,23,'Casual leave','22-06-2026','23-06-2026','Pending');
INSERT INTO LEAVE_REQUEST VALUES (140,24,'Dental','14-06-2026','17-06-2026','Approved');
INSERT INTO LEAVE_REQUEST VALUES (150,25,'Eye checkup','17-06-2026','18-06-2026','Approved');
INSERT INTO LEAVE_REQUEST VALUES (160,26,'Festival','25-06-2026','28-06-2026','Rejected');
INSERT INTO LEAVE_REQUEST VALUES (170,27,'Emergency','01-06-2026','02-06-2026','Approved');
INSERT INTO LEAVE_REQUEST VALUES (180,28,'Project Work','15-06-2026','20-06-2026','Approved');
INSERT INTO LEAVE_REQUEST VALUES (190,29,'Camp','15-06-2026','25-06-2026','Approved');
INSERT INTO LEAVE_REQUEST VALUES (200,30,'Family Function','19-06-2026','20-06-2026','Pending');
INSERT INTO LEAVE_REQUEST VALUES (210,31,'Personal work','28-06-2026','30-06-2026','Rejected');
INSERT INTO LEAVE_REQUEST VALUES (220,32,'Heavy work','25-06-2026','26-06-2026','Rejected');
INSERT INTO LEAVE_REQUEST VALUES (230,33,'Family Trip','23-06-2026','25-06-2026','Rejected');
INSERT INTO LEAVE_REQUEST VALUES (240,34,'Educational search','24-06-2026','28-06-2026','Approved');
INSERT INTO LEAVE_REQUEST VALUES (250,35,'Exam Preparation','29-06-2026','30-06-2026','Pending');
INSERT INTO LEAVE_REQUEST VALUES (260,36,'Chickenpox','25-06-2026','30-06-2026','Approved');
INSERT INTO LEAVE_REQUEST VALUES (270,37,'Allergy','18-06-2026','22-06-2026','Approved');
INSERT INTO LEAVE_REQUEST VALUES (280,38,'Typoid ','10-06-2026','15-06-2026','Approved');
INSERT INTO LEAVE_REQUEST VALUES (290,39,'Vomiting','21-06-2026','22-06-2026','Approved');
INSERT INTO LEAVE_REQUEST VALUES (300,40,'Heavy Rain','23-06-2026','24-06-2026','Rejected');
SELECT * FROM LEAVE_REQUEST;

INSERT INTO PERFORMANCE VALUES (1010,11,'JAN-2026',5,'Outstanding');
INSERT INTO PERFORMANCE VALUES (1020,12,'JAN-2026',4,'Very Good');
INSERT INTO PERFORMANCE VALUES (1030,13,'JAN-2026',3,'Good');
INSERT INTO PERFORMANCE VALUES (1040,14,'JAN-2026',2,'Needs Improvement');
INSERT INTO PERFORMANCE VALUES (1050,15,'JAN-2026',5,'Excellent');
INSERT INTO PERFORMANCE VALUES (1060,16,'FEB-2026',4,'Very Good');
INSERT INTO PERFORMANCE VALUES (1070,17,'FEB-2026',3,'Good');
INSERT INTO PERFORMANCE VALUES (1080,18,'FEB-2026',5,'Outstanding');
INSERT INTO PERFORMANCE VALUES (1090,19,'FEB-2026',2,'Needs Improvement');
INSERT INTO PERFORMANCE VALUES (1100,20,'FEB-2026',4,'Good Performance');
INSERT INTO PERFORMANCE VALUES (1110,21,'MAR-2026',5,'Excellent');
INSERT INTO PERFORMANCE VALUES (1120,22,'MAR-2026',3,'Satisfactory');
INSERT INTO PERFORMANCE VALUES (1130,23,'MAR-2026',4,'Very Good');
INSERT INTO PERFORMANCE VALUES (1140,24,'MAR-2026',2,'Average');
INSERT INTO PERFORMANCE VALUES (1150,25,'MAR-2026',5,'Outstanding');
INSERT INTO PERFORMANCE VALUES (1160,26,'APR-2026',4,'Very Good');
INSERT INTO PERFORMANCE VALUES (1170,27,'APR-2026',3,'Good');
INSERT INTO PERFORMANCE VALUES (1180,28,'APR-2026',5,'Excellent');
INSERT INTO PERFORMANCE VALUES (1190,29,'APR-2026',2,'Needs Improvement');
INSERT INTO PERFORMANCE VALUES (1200,30,'APR-2026',4,'Consistent Performer');
INSERT INTO PERFORMANCE VALUES (1210,31,'MAY-2026',5,'Outstanding');
INSERT INTO PERFORMANCE VALUES (1220,32,'MAY-2026',4,'Very Good');
INSERT INTO PERFORMANCE VALUES (1230,33,'MAY-2026',3,'Good');
INSERT INTO PERFORMANCE VALUES (1240,34,'MAY-2026',2,'Average');
INSERT INTO PERFORMANCE VALUES (1250,35,'MAY-2026',5,'Excellent');
INSERT INTO PERFORMANCE VALUES (1260,36,'JUN-2026',4,'Very Good');
INSERT INTO PERFORMANCE VALUES (1270,37,'JUN-2026',3,'Satisfactory');
INSERT INTO PERFORMANCE VALUES (1280,38,'JUN-2026',5,'Outstanding');
INSERT INTO PERFORMANCE VALUES (1290,39,'JUN-2026',2,'Needs Improvement');
INSERT INTO PERFORMANCE VALUES (1300,40,'JUN-2026',4,'Good Performance');
INSERT INTO PERFORMANCE VALUES (1310,41,'JUL-2026',5,'Excellent');
INSERT INTO PERFORMANCE VALUES (1320,42,'JUL-2026',4,'Very Good');
INSERT INTO PERFORMANCE VALUES (1330,43,'JUL-2026',3,'Good');
INSERT INTO PERFORMANCE VALUES (1340,44,'JUL-2026',2,'Average');
INSERT INTO PERFORMANCE VALUES (1350,45,'JUL-2026',5,'Outstanding');
INSERT INTO PERFORMANCE VALUES (1360,46,'AUG-2026',4,'Very Good');
INSERT INTO PERFORMANCE VALUES (1370,47,'AUG-2026',3,'Satisfactory');
INSERT INTO PERFORMANCE VALUES (1380,48,'AUG-2026',5,'Excellent');
INSERT INTO PERFORMANCE VALUES (1390,49,'AUG-2026',2,'Needs Improvement');
INSERT INTO PERFORMANCE VALUES (1400,50,'AUG-2026',4,'Consistent Performer');
INSERT INTO PERFORMANCE VALUES (1410,51,'SEP-2026',5,'Outstanding');
INSERT INTO PERFORMANCE VALUES (1420,52,'SEP-2026',4,'Very Good');
INSERT INTO PERFORMANCE VALUES (1430,53,'SEP-2026',3,'Good');
INSERT INTO PERFORMANCE VALUES (1440,54,'SEP-2026',2,'Average');
INSERT INTO PERFORMANCE VALUES (1450,55,'SEP-2026',5,'Excellent');
INSERT INTO PERFORMANCE VALUES (1460,56,'OCT-2026',4,'Very Good');
INSERT INTO PERFORMANCE VALUES (1470,57,'OCT-2026',3,'Satisfactory');
INSERT INTO PERFORMANCE VALUES (1480,58,'OCT-2026',5,'Outstanding');
INSERT INTO PERFORMANCE VALUES (1490,59,'OCT-2026',2,'Needs Improvement');
INSERT INTO PERFORMANCE VALUES (1500,60,'OCT-2026',4,'Good Performance');
SELECT * FROM PERFORMANCE;

SELECT UPPER(EMP_NAME)FROM EMPLOYEE;
SELECT EMP_NAME, SUBSTR(EMP_NAME,1,3) AS CHARACTER_NAME  FROM EMPLOYEE;
SELECT EMP_NAME,LENGTH(EMP_NAME) FROM EMPLOYEE;
SELECT EMP_NAME,LOWER(EMP_NAME)FROM EMPLOYEE;
SELECT EMP_NAME, TO_CHAR(DOJ, 'Month') AS JOINING_MONTH FROM EMPLOYEE;
SELECT EMP_NAME, CURRENT_DATE FROM EMPLOYEE;

SELECT MAX(SALARY) AS HIGHEST_SALARY FROM EMPLOYEE;
SELECT MIN(SALARY) AS LOWEST_SALARY FROM EMPLOYEE;
SELECT AVG(SALARY) AS AVERAGE_SALARY FROM EMPLOYEE;
SELECT SUM(BASIC_SALARY) AS TOTAL_BASIC_SALARY FROM PAYROLL;
SELECT COUNT(*) FROM EMPLOYEE;
SELECT COUNT(*) FROM DEPARTMENT;

SELECT DEPT_ID, COUNT(*) FROM EMPLOYEE GROUP BY DEPT_ID;
SELECT DEPT_ID, AVG(SALARY) FROM EMPLOYEE GROUP BY DEPT_ID;
SELECT DEPT_ID, SUM(NET_SALARY) FROM EMPLOYEE JOIN PAYROLL ON EMPLOYEE.EMP_ID = PAYROLL.EMP_ID GROUP BY DEPT_ID;
SELECT DESIG_ID, COUNT(*) FROM EMPLOYEE GROUP BY DESIG_ID;
SELECT GENDER, COUNT(*)  FROM EMPLOYEE GROUP BY GENDER;

SELECT DEPT_ID, COUNT(*) FROM EMPLOYEE GROUP BY DEPT_ID HAVING COUNT(*)>5;
SELECT DEPT_ID,AVG(SALARY) AS AVERAGE_SALARY FROM EMPLOYEE GROUP BY DEPT_ID HAVING AVG(SALARY)>50000;
SELECT DESIG_ID,COUNT(*) FROM EMPLOYEE GROUP BY DESIG_ID HAVING COUNT(*)>3;

SELECT EMP_NAME, DEPT_NAME, DESIG_NAME, SALARY FROM EMPLOYEE
       INNER JOIN DEPARTMENT ON EMPLOYEE.DEPT_ID = DEPARTMENT.DEPT_ID
       INNER JOIN DESIGNATION ON EMPLOYEE.DESIG_ID = DESIGNATION.DESIG_ID;
	   
SELECT DEPT_NAME, EMP_NAME FROM DEPARTMENT
       LEFT JOIN EMPLOYEE ON DEPARTMENT.DEPT_ID = EMPLOYEE.DEPT_ID;

SELECT EMP_NAME, DEPT_NAME FROM DEPARTMENT
       RIGHT JOIN EMPLOYEE ON DEPARTMENT.DEPT_ID = EMPLOYEE.DEPT_ID;

SELECT * FROM DEPARTMENT FULL OUTER JOIN EMPLOYEE ON DEPARTMENT.DEPT_ID = EMPLOYEE.DEPT_ID;

SELECT EMPLOYEE.EMP_NAME,MANAGER.EMP_NAME FROM EMPLOYEE
        LEFT JOIN EMPLOYEE AS MANAGER ON EMPLOYEE.MANAGER_ID = MANAGER.EMP_ID;

SELECT EMP_NAME, DEPT_NAME FROM EMPLOYEE CROSS JOIN DEPARTMENT;

SELECT EMP_NAME,DEPT_NAME,DESIG_NAME,ATT_STATUS,NET_SALARY FROM EMPLOYEE
       JOIN DEPARTMENT ON EMPLOYEE.DEPT_ID = DEPARTMENT.DEPT_ID
       JOIN DESIGNATION ON EMPLOYEE.DESIG_ID = DESIGNATION.DESIG_ID
       JOIN ATTENDANCE ON EMPLOYEE.EMP_ID = ATTENDANCE.EMP_ID
       JOIN PAYROLL ON EMPLOYEE.EMP_ID = PAYROLL.EMP_ID;

SELECT EMP_NAME, SALARY FROM EMPLOYEE
    WHERE SALARY >(SELECT SALARY FROM EMPLOYEE WHERE EMP_NAME = 'Azar');
SELECT EMP_NAME, SALARY FROM EMPLOYEE
    WHERE SALARY >(SELECT AVG(SALARY) FROM EMPLOYEE);
SELECT EMP_NAME, SALARY FROM EMPLOYEE
     WHERE SALARY =(SELECT MAX(SALARY)FROM EMPLOYEE);

SELECT EMP_NAME, DEPT_ID FROM EMPLOYEE WHERE DEPT_ID IN(SELECT DEPT_ID FROM DEPARTMENT
    WHERE DEPT_NAME IN ('HR','IT'));
SELECT EMP_NAME, SALARY FROM EMPLOYEE
       WHERE SALARY > ANY(SELECT SALARY FROM EMPLOYEE 
       WHERE DEPT_ID =( SELECT DEPT_ID FROM DEPARTMENT WHERE DEPT_NAME = 'HR'));
SELECT EMP_NAME, SALARY FROM EMPLOYEE
       WHERE SALARY > ALL(SELECT SALARY FROM EMPLOYEE 
       WHERE DEPT_ID =( SELECT DEPT_ID FROM DEPARTMENT WHERE DEPT_NAME = 'Finance'));

SELECT EMP_NAME FROM EMPLOYEE
       WHERE DEPT_ID IN(SELECT DEPT_ID FROM DEPARTMENT WHERE LOCATION = 'Chennai');
SELECT EMP_NAME, DEPT_ID FROM EMPLOYEE
       WHERE DEPT_ID =(SELECT DEPT_ID FROM EMPLOYEE GROUP BY DEPT_ID ORDER BY AVG(SALARY) DESC LIMIT 1);

SELECT EMP_NAME, SALARY, DEPT_ID FROM EMPLOYEE E1
       WHERE SALARY >(SELECT AVG(SALARY) FROM EMPLOYEE E2 WHERE E1.DEPT_ID = E2.DEPT_ID);
SELECT EMP_NAME, COUNT(*) AS ATTENDANCE_COUNT FROM EMPLOYEE
       JOIN ATTENDANCE ON EMPLOYEE.EMP_ID = ATTENDANCE.EMP_ID GROUP BY EMPLOYEE.EMP_ID, EMP_NAME, DEPT_ID
       HAVING COUNT(*) >(SELECT AVG(ATT_COUNT) FROM (SELECT COUNT(*) AS ATT_COUNT FROM EMPLOYEE E2
       JOIN ATTENDANCE A2 ON E2.EMP_ID = A2.EMP_ID WHERE E2.DEPT_ID = EMPLOYEE.DEPT_ID GROUP BY E2.EMP_ID)TEMP);


SELECT DEPT_NAME FROM DEPARTMENT D
       WHERE EXISTS(SELECT FROM EMPLOYEE E WHERE E.DEPT_ID = D.DEPT_ID);
SELECT EMP_NAME FROM EMPLOYEE E
       WHERE EXISTS(SELECT FROM PAYROLL P WHERE P.EMP_ID = E.EMP_ID);
SELECT EMP_NAME FROM EMPLOYEE E
       WHERE EXISTS(SELECT FROM LEAVE_REQUEST L WHERE L.EMP_ID = E.EMP_ID);

SELECT DEPT_NAME FROM DEPARTMENT D
       WHERE NOT EXISTS(SELECT FROM EMPLOYEE E WHERE E.DEPT_ID = D.DEPT_ID);
SELECT EMP_NAME FROM EMPLOYEE E
       WHERE NOT EXISTS(SELECT FROM ATTENDANCE A WHERE A.EMP_ID = E.EMP_ID);
SELECT EMP_NAME FROM EMPLOYEE E
       WHERE NOT EXISTS(SELECT FROM PAYROLL P WHERE P.EMP_ID = E.EMP_ID);

CREATE TABLE CURRENT_EMPLOYEES(EMP_ID INT,EMP_NAME VARCHAR(50));
CREATE TABLE FORMER_EMPLOYEES(EMP_ID INT,EMP_NAME VARCHAR(50));
INSERT INTO CURRENT_EMPLOYEES VALUES (11,'POZI');
INSERT INTO CURRENT_EMPLOYEES VALUES (12,'HAJI');
INSERT INTO CURRENT_EMPLOYEES VALUES (13,'AZAR');
INSERT INTO CURRENT_EMPLOYEES VALUES (14,'RAFI');
INSERT INTO CURRENT_EMPLOYEES VALUES (15,'IRFAN');

INSERT INTO FORMER_EMPLOYEES VALUES (13,'AZAR');
INSERT INTO FORMER_EMPLOYEES VALUES (14,'RAFI');
INSERT INTO FORMER_EMPLOYEES VALUES (16,'KARTHIK');
INSERT INTO FORMER_EMPLOYEES VALUES (17,'ARUN');

SELECT * FROM CURRENT_EMPLOYEES
UNION
SELECT * FROM FORMER_EMPLOYEES;

SELECT * FROM CURRENT_EMPLOYEES
UNION ALL
SELECT * FROM FORMER_EMPLOYEES;

SELECT * FROM CURRENT_EMPLOYEES
INTERSECT
SELECT * FROM FORMER_EMPLOYEES;

SELECT * FROM CURRENT_EMPLOYEES
EXCEPT
SELECT * FROM FORMER_EMPLOYEES;

CREATE VIEW EMPLOYEE_MASTER_VIEW AS SELECT EMP_NAME,DEPT_NAME,DESIG_NAME,SALARY FROM EMPLOYEE
            JOIN DEPARTMENT ON EMPLOYEE.DEPT_ID = DEPARTMENT.DEPT_ID
            JOIN DESIGNATION ON EMPLOYEE.DESIG_ID = DESIGNATION.DESIG_ID;
SELECT * FROM EMPLOYEE_MASTER_VIEW;

CREATE VIEW PAYROLL_REPORT_VIEW AS SELECT EMP_NAME,PAY_MONTH,BASIC_SALARY,BONUS,DEDUCTION,NET_SALARY FROM EMPLOYEE
            JOIN PAYROLL ON EMPLOYEE.EMP_ID = PAYROLL.EMP_ID;
SELECT * FROM PAYROLL_REPORT_VIEW;

CREATE VIEW ATTENDANCE_SUMMARY_VIEW AS SELECT EMP_NAME,
       COUNT(CASE WHEN ATT_STATUS = 'Present' THEN 1 END) AS PRESENT_DAYS,
       COUNT(CASE WHEN ATT_STATUS = 'Absent' THEN 1 END) AS ABSENT_DAYS,
       COUNT(CASE WHEN ATT_STATUS = 'Leave' THEN 1 END) AS LEAVE_DAYS FROM EMPLOYEE
       JOIN ATTENDANCE ON EMPLOYEE.EMP_ID = ATTENDANCE.EMP_ID GROUP BY EMP_NAME;
SELECT * FROM ATTENDANCE_SUMMARY_VIEW;

CREATE INDEX IDX_EMP_NAME ON EMPLOYEE(EMP_NAME);
SELECT * FROM EMPLOYEE WHERE EMP_NAME = 'POZI';
CREATE INDEX IDX_EMAIL ON EMPLOYEE(EMAIL);
SELECT * FROM EMPLOYEE WHERE EMAIL = 'poziya01@gmail.com';
CREATE INDEX IDX_MOBILE ON EMPLOYEE(MOBILE_NO);
SELECT * FROM EMPLOYEE WHERE MOBILE_NO = '7412356862';
CREATE INDEX IDX_DEPT ON EMPLOYEE(DEPT_ID);
SELECT * FROM EMPLOYEE WHERE DEPT_ID = 2;
SELECT * FROM pg_indexes;

CREATE VIEW EMP AS SELECT * FROM EMPLOYEE;
CREATE VIEW PAY AS SELECT * FROM PAYROLL;
CREATE VIEW ATT AS SELECT * FROM ATTENDANCE;
SELECT * FROM EMP;
SELECT * FROM PAY;
SELECT * FROM ATT;

