DROP TABLE IF EXISTS PAYMENT CASCADE;
DROP TABLE IF EXISTS BILLING CASCADE;
DROP TABLE IF EXISTS TREATMENT CASCADE;
DROP TABLE IF EXISTS ADMISSION CASCADE;
DROP TABLE IF EXISTS APPOINTMENT CASCADE;
DROP TABLE IF EXISTS PATIENT CASCADE;
DROP TABLE IF EXISTS DOCTOR CASCADE;
DROP TABLE IF EXISTS DEPARTMENT CASCADE;
CREATE TABLE DEPARTMENT(DEPT_ID INT PRIMARY KEY, DEPT_NAME VARCHAR(50) NOT NULL UNIQUE, LOCATION VARCHAR(50));

CREATE TABLE DOCTOR(DOC_ID INT PRIMARY KEY,DOC_NAME VARCHAR(50) NOT NULL, EMAIL VARCHAR(50) UNIQUE,MOBILE_NO VARCHAR(10) UNIQUE,
                     SPECIALIZATION VARCHAR(50),DEPT_ID INT, JOINING_DATE DATE,CONSULTATION_FEE INT CHECK (CONSULTATION_FEE > 0),
					  FOREIGN KEY (DEPT_ID) REFERENCES DEPARTMENT(DEPT_ID));
					  
CREATE TABLE PATIENT(PAT_ID INT PRIMARY KEY, PAT_NAME VARCHAR(50) NOT NULL,GENDER VARCHAR(10)CHECK (GENDER IN ('Male','Female','Other')),
                     DOJ DATE,MOBILE_NO VARCHAR(10) UNIQUE,EMAIL VARCHAR(50) UNIQUE,BLOOD_GROUP VARCHAR(5),REGISTRATION_DATE DATE NOT NULL);
					 
CREATE TABLE APPOINTMENT(APPOINTMENT_ID INT PRIMARY KEY,PAT_ID INT,FOREIGN KEY (PAT_ID)REFERENCES PATIENT(PAT_ID),
                         DOC_ID INT,FOREIGN KEY (DOC_ID)REFERENCES DOCTOR(DOC_ID),APPOINTMENT_DATE DATE,
                         APPOINTMENT_STATUS VARCHAR(20)CHECK (APPOINTMENT_STATUS IN ('Booked', 'Completed', 'Cancelled')));
						 
CREATE TABLE ADMISSION(ADMISSION_ID INT PRIMARY KEY,PAT_ID INT,FOREIGN KEY (PAT_ID)REFERENCES PATIENT(PAT_ID),
                        ROOM_NO VARCHAR(10),ADMISSION_DATE DATE NOT NULL,DISCHARGE_DATE DATE);

CREATE TABLE TREATMENT(TREATMENT_ID INT PRIMARY KEY,PAT_ID INT,FOREIGN KEY (PAT_ID)REFERENCES PATIENT(PAT_ID),
                         DOC_ID INT,FOREIGN KEY (DOC_ID)REFERENCES DOCTOR(DOC_ID),TREATMENT_NAME VARCHAR(100),
                         TREATMENT_COST INT CHECK (TREATMENT_COST > 0),TREATMENT_DATE DATE);

CREATE TABLE BILLING(BILL_ID INT PRIMARY KEY,PAT_ID INT,FOREIGN KEY (PAT_ID)REFERENCES PATIENT(PAT_ID),
                     TREATMENT_ID INT,FOREIGN KEY (TREATMENT_ID)REFERENCES TREATMENT(TREATMENT_ID),TOTAL_AMOUNT INT CHECK (TOTAL_AMOUNT > 0),
                     PAYMENT_STATUS VARCHAR(20)CHECK (PAYMENT_STATUS IN ('Paid', 'Pending')));

CREATE TABLE PAYMENT(PAYMENT_ID INT PRIMARY KEY,
                     BILL_ID INT,FOREIGN KEY (BILL_ID)REFERENCES BILLING(BILL_ID),PAYMENT_DATE DATE,
                     PAYMENT_MODE VARCHAR(20)CHECK (PAYMENT_MODE IN ('Cash', 'Card', 'UPI', 'Net Banking')),
                     AMOUNT_PAID INT CHECK (AMOUNT_PAID > 0));

CREATE SEQUENCE DOCTOR_SEQ START WITH 1001
INCREMENT BY 1;
CREATE SEQUENCE PAT_SEQ START WITH 1001
INCREMENT BY 1;
CREATE SEQUENCE APPOINTMENT_SEQ START WITH 1001
INCREMENT BY 1;
CREATE SEQUENCE BILL_SEQ START WITH 1001
INCREMENT BY 1;

INSERT INTO DEPARTMENT VALUES (101, 'Cardiology', 'Floor 1');
INSERT INTO DEPARTMENT VALUES (102, 'Neurology', 'Floor 2');
INSERT INTO DEPARTMENT VALUES (103, 'Orthopedics', 'Floor 3');
INSERT INTO DEPARTMENT VALUES (104, 'Pediatrics', 'Floor 1');
INSERT INTO DEPARTMENT VALUES (105, 'Dermatology', 'Floor 2');
INSERT INTO DEPARTMENT VALUES (106, 'Oncology', 'Floor 4');
INSERT INTO DEPARTMENT VALUES (107, 'Gynecology', 'Floor 3');
INSERT INTO DEPARTMENT VALUES (108, 'ENT', 'Floor 2');
INSERT INTO DEPARTMENT VALUES (109, 'Urology', 'Floor 4');
INSERT INTO DEPARTMENT VALUES (110, 'General Medicine', 'Floor 1');
SELECT * FROM DEPARTMENT;

INSERT INTO DOCTOR VALUES (1001,'Dr. Poziya','pozi@gmail.com','9876543210','Cardiology',101,'2021-01-15',800);
INSERT INTO DOCTOR VALUES (1002,'Dr. Hajeera','haji@gmail.com','9876543211','Neurology',102,'2020-03-20',1000);
INSERT INTO DOCTOR VALUES (1003,'Dr. Rafiya','rafi@gmail.com','9876543212','Orthopedics',103,'2019-06-10',700);
INSERT INTO DOCTOR VALUES (1004,'Dr. Jessica','jessi@gmail.com','9876543213','Pediatrics',104,'2022-02-18',600);
INSERT INTO DOCTOR VALUES (1005,'Dr. Rahamadulla','rahamadulla@gmail.com','9876543214','Dermatology',105,'2021-08-25',500);
INSERT INTO DOCTOR VALUES (1006,'Dr. Shynath','shynath@gmail.com','9876543215','Oncology',106,'2020-11-05',1200);
INSERT INTO DOCTOR VALUES (1007,'Dr. Uma','uma@gmail.com','9876543216','Gynecology',107,'2018-09-12',900);
INSERT INTO DOCTOR VALUES (1008,'Dr. Harish','harshi@gmail.com','9876543217','ENT',108,'2022-04-08',650);
INSERT INTO DOCTOR VALUES (1009,'Dr. Sumathi','sumathi@gmail.com','9876543218','Urology',109,'2019-12-01',850);
INSERT INTO DOCTOR VALUES (1010,'Dr. Azarudeen','azar@gmail.com','9876543219','General Medicine',110,'2021-07-15',550);
INSERT INTO DOCTOR VALUES (1011,'Dr. Yasar','yasar@gmail.com','9876543220','Cardiology',101,'2017-05-14',950);
INSERT INTO DOCTOR VALUES (1012,'Dr. Kousar','kousar@gmail.com','9876543221','Neurology',102,'2020-01-22',1100);
INSERT INTO DOCTOR VALUES (1013,'Dr. Ansar','ansar@gmail.com','9876543222','Orthopedics',103,'2018-03-17',750);
INSERT INTO DOCTOR VALUES (1014,'Dr. Irfan','irfan@gmail.com','9876543223','Pediatrics',104,'2021-06-30',650);
INSERT INTO DOCTOR VALUES (1015,'Dr. Sanan','sanan@gmail.com','9876543224','Dermatology',105,'2019-09-09',550);
INSERT INTO DOCTOR VALUES (1016,'Dr. Hanees','hanees@gmail.com','9876543225','Oncology',106,'2018-12-20',1300);
INSERT INTO DOCTOR VALUES (1017,'Dr. Reshma','reshma@gmail.com','9876543226','Gynecology',107,'2022-01-11',850);
INSERT INTO DOCTOR VALUES (1018,'Dr. Lakshmi','lakshmi@gmail.com','9876543227','ENT',108,'2020-08-05',700);
INSERT INTO DOCTOR VALUES (1019,'Dr. Ajay','ajay@gmail.com','9876543228','Urology',109,'2019-10-18',900);
INSERT INTO DOCTOR VALUES (1020,'Dr. Sneha Roy','sneha@gmail.com','9876543229','General Medicine',110,'2021-11-25',600);
SELECT * FROM DOCTOR;

INSERT INTO PATIENT VALUES (1001,'Lokesh','Male','1998-01-15','9876500001','lokesh@gmail.com','A+','2026-06-01');
INSERT INTO PATIENT VALUES (1002,'Priya','Female','1995-02-20','9876500002','priya@gmail.com','B+','2026-06-01');
INSERT INTO PATIENT VALUES (1003,'Trisha','Female','1992-03-10','9876500003','Trisha@gmail.com','O+','2026-06-02');
INSERT INTO PATIENT VALUES (1004,'Anjali ','Female','2000-04-12','9876500004','anjali@gmail.com','AB+','2026-06-02');
INSERT INTO PATIENT VALUES (1005,'Kiran','Male','1997-05-25','9876500005','kiran@gmail.com','A-','2026-06-03');
INSERT INTO PATIENT VALUES (1006,'Meera','Female','1999-06-18','9876500006','meera@gmail.com','B-','2026-06-03');
INSERT INTO PATIENT VALUES (1007,'Mohan','Male','1988-07-08','9876500007','mohan@gmail.com','O-','2026-06-04');
INSERT INTO PATIENT VALUES (1008,'Deepa','Female','1994-08-30','9876500008','deepa@gmail.com','A+','2026-06-04');
INSERT INTO PATIENT VALUES (1009,'Naveen','Male','1991-09-15','9876500009','naveen@gmail.com','B+','2026-06-05');
INSERT INTO PATIENT VALUES (1010,'Kavitha','Female','1996-10-20','9876500010','kavitha@gmail.com','O+','2026-06-05');
INSERT INTO PATIENT VALUES (1011,'Vikram','Male','1990-11-11','9876500011','vikram@gmail.com','AB+','2026-06-06');
INSERT INTO PATIENT VALUES (1012,'Ramiya','Female','1998-12-22','9876500012','riya@gmail.com','A+','2026-06-06');
INSERT INTO PATIENT VALUES (1013,'Sanjay','Male','1989-01-17','9876500013','sanjay@gmail.com','B+','2026-06-07');
INSERT INTO PATIENT VALUES (1014,'Pooja','Female','1993-02-14','9876500014','pooja@gmail.com','O+','2026-06-07');
INSERT INTO PATIENT VALUES (1015,'Harish','Male','1995-03-09','9876500015','harish@gmail.com','A-','2026-06-08');
INSERT INTO PATIENT VALUES (1016,'Neha','Female','1997-04-26','9876500016','neha@gmail.com','B-','2026-06-08');
INSERT INTO PATIENT VALUES (1017,'Ramesh','Male','1991-05-18','9876500017','ramesh@gmail.com','O-','2026-06-09');
INSERT INTO PATIENT VALUES (1018,'Lakshmi','Female','1994-06-27','9876500018','lakshmi@gmail.com','AB-','2026-06-09');
INSERT INTO PATIENT VALUES (1019,'Ajay','Male','1987-07-12','9876500019','ajay@gmail.com','A+','2026-06-10');
INSERT INTO PATIENT VALUES (1020,'Sneha','Female','1999-08-05','9876500020','sneha@gmail.com','B+','2026-06-10');
INSERT INTO PATIENT VALUES (1021,'Arun','Male','1993-09-19','9876500021','arun@gmail.com','O+','2026-06-11');
INSERT INTO PATIENT VALUES (1022,'Divya','Female','1996-10-14','9876500022','divya@gmail.com','A+','2026-06-11');
INSERT INTO PATIENT VALUES (1023,'Manoj','Male','1988-11-08','9876500023','manoj@gmail.com','B-','2026-06-12');
INSERT INTO PATIENT VALUES (1024,'Swathi','Female','1995-12-21','9876500024','swathi@gmail.com','AB+','2026-06-12');
INSERT INTO PATIENT VALUES (1025,'Vignesh','Male','1997-01-05','9876500025','vignesh@gmail.com','O+','2026-06-13');
INSERT INTO PATIENT VALUES (1026,'Nisha','Female','1992-02-15','9876500026','nisha@gmail.com','A-','2026-06-13');
INSERT INTO PATIENT VALUES (1027,'Prakash','Male','1990-03-28','9876500027','prakash@gmail.com','B+','2026-06-14');
INSERT INTO PATIENT VALUES (1028,'Asha','Female','1998-04-09','9876500028','asha@gmail.com','O-','2026-06-14');
INSERT INTO PATIENT VALUES (1029,'Rohit','Male','1994-05-23','9876500029','rohit@gmail.com','A+','2026-06-15');
INSERT INTO PATIENT VALUES (1030,'Keerthi','Female','1991-06-17','9876500030','keerthi@gmail.com','AB+','2026-06-15');
INSERT INTO PATIENT VALUES (1031,'Ganesh','Male','1989-07-29','9876500031','ganesh@gmail.com','B+','2026-06-16');
INSERT INTO PATIENT VALUES (1032,'Madhavi','Female','1995-08-12','9876500032','madhavi@gmail.com','O+','2026-06-16');
INSERT INTO PATIENT VALUES (1033,'Sathish','Male','1996-09-20','9876500033','sathish@gmail.com','A+','2026-06-17');
INSERT INTO PATIENT VALUES (1034,'Anu','Female','1998-10-11','9876500034','anu@gmail.com','B-','2026-06-17');
INSERT INTO PATIENT VALUES (1035,'Karthik','Male','1992-11-13','9876500035','karthik@gmail.com','AB+','2026-06-18');
INSERT INTO PATIENT VALUES (1036,'Preethi','Female','1997-12-25','9876500036','preethi@gmail.com','O+','2026-06-18');
INSERT INTO PATIENT VALUES (1037,'Mogan','Male','1988-01-16','9876500037','mogan@gmail.com','A-','2026-06-19');
INSERT INTO PATIENT VALUES (1038,'Shalini','Female','1990-02-07','9876500038','shalini@gmail.com','B+','2026-06-19');
INSERT INTO PATIENT VALUES (1039,'Ravi','Male','1994-03-22','9876500039','raviteja@gmail.com','O-','2026-06-20');
INSERT INTO PATIENT VALUES (1040,'Pavithra','Female','1995-04-18','9876500040','pavithra@gmail.com','A+','2026-06-20');
INSERT INTO PATIENT VALUES (1041,'Hari','Male','1991-05-05','9876500041','hari@gmail.com','B-','2026-06-21');
INSERT INTO PATIENT VALUES (1042,'Reshma','Female','1993-06-14','9876500042','reshma@gmail.com','AB+','2026-06-21');
INSERT INTO PATIENT VALUES (1043,'Vinod','Male','1998-07-08','9876500043','vinod@gmail.com','O+','2026-06-22');
INSERT INTO PATIENT VALUES (1044,'Gayathri','Female','1996-08-19','9876500044','gayathri@gmail.com','A+','2026-06-22');
INSERT INTO PATIENT VALUES (1045,'Sandeep','Male','1990-09-15','9876500045','sandeep@gmail.com','B+','2026-06-23');
INSERT INTO PATIENT VALUES (1046,'Nandhini','Female','1997-10-24','9876500046','nandhini@gmail.com','O-','2026-06-23');
INSERT INTO PATIENT VALUES (1047,'Aravind','Male','1992-11-30','9876500047','arvind@gmail.com','AB-','2026-06-24');
INSERT INTO PATIENT VALUES (1048,'Shruthi','Female','1995-12-06','9876500048','shruthi@gmail.com','A+','2026-06-24');
INSERT INTO PATIENT VALUES (1049,'Dinesh','Male','1994-01-18','9876500049','dinesh@gmail.com','B+','2026-06-25');
INSERT INTO PATIENT VALUES (1050,'Pallavi','Female','1998-02-27','9876500050','pallavi@gmail.com','O+','2026-06-25');
SELECT * FROM PATIENT;

INSERT INTO APPOINTMENT VALUES (1001,1001,1001,'2026-06-01','Booked');
INSERT INTO APPOINTMENT VALUES (1002,1002,1002,'2026-06-01','Completed');
INSERT INTO APPOINTMENT VALUES (1003,1003,1003,'2026-06-02','Booked');
INSERT INTO APPOINTMENT VALUES (1004,1004,1004,'2026-06-02','Cancelled');
INSERT INTO APPOINTMENT VALUES (1005,1005,1005,'2026-06-03','Completed');
INSERT INTO APPOINTMENT VALUES (1006,1006,1006,'2026-06-03','Booked');
INSERT INTO APPOINTMENT VALUES (1007,1007,1007,'2026-06-04','Completed');
INSERT INTO APPOINTMENT VALUES (1008,1008,1008,'2026-06-04','Booked');
INSERT INTO APPOINTMENT VALUES (1009,1009,1009,'2026-06-05','Cancelled');
INSERT INTO APPOINTMENT VALUES (1010,1010,1010,'2026-06-05','Completed');
INSERT INTO APPOINTMENT VALUES (1011,1011,1011,'2026-06-06','Booked');
INSERT INTO APPOINTMENT VALUES (1012,1012,1012,'2026-06-06','Completed');
INSERT INTO APPOINTMENT VALUES (1013,1013,1013,'2026-06-07','Booked');
INSERT INTO APPOINTMENT VALUES (1014,1014,1014,'2026-06-07','Completed');
INSERT INTO APPOINTMENT VALUES (1015,1015,1015,'2026-06-08','Cancelled');
INSERT INTO APPOINTMENT VALUES (1016,1016,1016,'2026-06-08','Booked');
INSERT INTO APPOINTMENT VALUES (1017,1017,1017,'2026-06-09','Completed');
INSERT INTO APPOINTMENT VALUES (1018,1018,1018,'2026-06-09','Booked');
INSERT INTO APPOINTMENT VALUES (1019,1019,1019,'2026-06-10','Completed');
INSERT INTO APPOINTMENT VALUES (1020,1020,1020,'2026-06-10','Booked');
INSERT INTO APPOINTMENT VALUES (1021,1021,1001,'2026-06-11','Completed');
INSERT INTO APPOINTMENT VALUES (1022,1022,1002,'2026-06-11','Booked');
INSERT INTO APPOINTMENT VALUES (1023,1023,1003,'2026-06-12','Completed');
INSERT INTO APPOINTMENT VALUES (1024,1024,1004,'2026-06-12','Booked');
INSERT INTO APPOINTMENT VALUES (1025,1025,1005,'2026-06-13','Cancelled');
INSERT INTO APPOINTMENT VALUES (1026,1026,1006,'2026-06-13','Completed');
INSERT INTO APPOINTMENT VALUES (1027,1027,1007,'2026-06-14','Booked');
INSERT INTO APPOINTMENT VALUES (1028,1028,1008,'2026-06-14','Completed');
INSERT INTO APPOINTMENT VALUES (1029,1029,1009,'2026-06-15','Booked');
INSERT INTO APPOINTMENT VALUES (1030,1030,1010,'2026-06-15','Completed');
INSERT INTO APPOINTMENT VALUES (1031,1031,1011,'2026-06-16','Booked');
INSERT INTO APPOINTMENT VALUES (1032,1032,1012,'2026-06-16','Completed');
INSERT INTO APPOINTMENT VALUES (1033,1033,1013,'2026-06-17','Booked');
INSERT INTO APPOINTMENT VALUES (1034,1034,1014,'2026-06-17','Cancelled');
INSERT INTO APPOINTMENT VALUES (1035,1035,1015,'2026-06-18','Completed');
INSERT INTO APPOINTMENT VALUES (1036,1036,1016,'2026-06-18','Booked');
INSERT INTO APPOINTMENT VALUES (1037,1037,1017,'2026-06-19','Completed');
INSERT INTO APPOINTMENT VALUES (1038,1038,1018,'2026-06-19','Booked');
INSERT INTO APPOINTMENT VALUES (1039,1039,1019,'2026-06-20','Completed');
INSERT INTO APPOINTMENT VALUES (1040,1040,1020,'2026-06-20','Booked');
INSERT INTO APPOINTMENT VALUES (1041,1041,1001,'2026-06-21','Completed');
INSERT INTO APPOINTMENT VALUES (1042,1042,1002,'2026-06-21','Booked');
INSERT INTO APPOINTMENT VALUES (1043,1043,1003,'2026-06-22','Completed');
INSERT INTO APPOINTMENT VALUES (1044,1044,1004,'2026-06-22','Booked');
INSERT INTO APPOINTMENT VALUES (1045,1045,1005,'2026-06-23','Cancelled');
INSERT INTO APPOINTMENT VALUES (1046,1046,1006,'2026-06-23','Completed');
INSERT INTO APPOINTMENT VALUES (1047,1047,1007,'2026-06-24','Booked');
INSERT INTO APPOINTMENT VALUES (1048,1048,1008,'2026-06-24','Completed');
INSERT INTO APPOINTMENT VALUES (1049,1049,1009,'2026-06-25','Booked');
INSERT INTO APPOINTMENT VALUES (1050,1050,1010,'2026-06-25','Completed');
SELECT *  FROM APPOINTMENT;

INSERT INTO TREATMENT VALUES (1,1001,1001,'Heart Checkup',5000,'2026-06-01');
INSERT INTO TREATMENT VALUES (2,1002,1002,'Brain Scan',7000,'2026-06-01');
INSERT INTO TREATMENT VALUES (3,1003,1003,'Knee Surgery',15000,'2026-06-02');
INSERT INTO TREATMENT VALUES (4,1004,1004,'Child Vaccination',2000,'2026-06-02');
INSERT INTO TREATMENT VALUES (5,1005,1005,'Skin Treatment',3000,'2026-06-03');
INSERT INTO TREATMENT VALUES (6,1006,1006,'Cancer Therapy',25000,'2026-06-03');
INSERT INTO TREATMENT VALUES (7,1007,1007,'Prenatal Checkup',4000,'2026-06-04');
INSERT INTO TREATMENT VALUES (8,1008,1008,'Ear Surgery',8000,'2026-06-04');
INSERT INTO TREATMENT VALUES (9,1009,1009,'Kidney Stone Removal',12000,'2026-06-05');
INSERT INTO TREATMENT VALUES (10,1010,1010,'General Checkup',1000,'2026-06-05');
INSERT INTO TREATMENT VALUES (11,1011,1011,'ECG Test',2500,'2026-06-06');
INSERT INTO TREATMENT VALUES (12,1012,1012,'Neurological Exam',6000,'2026-06-06');
INSERT INTO TREATMENT VALUES (13,1013,1013,'Bone Fracture Treatment',9000,'2026-06-07');
INSERT INTO TREATMENT VALUES (14,1014,1014,'Child Health Check',1500,'2026-06-07');
INSERT INTO TREATMENT VALUES (15,1015,1015,'Acne Treatment',2500,'2026-06-08');
INSERT INTO TREATMENT VALUES (16,1016,1016,'Chemotherapy',30000,'2026-06-08');
INSERT INTO TREATMENT VALUES (17,1017,1017,'Delivery Care',18000,'2026-06-09');
INSERT INTO TREATMENT VALUES (18,1018,1018,'Sinus Surgery',10000,'2026-06-09');
INSERT INTO TREATMENT VALUES (19,1019,1019,'Kidney Checkup',3500,'2026-06-10');
INSERT INTO TREATMENT VALUES (20,1020,1020,'Diabetes Checkup',2000,'2026-06-10');
INSERT INTO TREATMENT VALUES (21,1021,1001,'Heart Surgery',50000,'2026-06-11');
INSERT INTO TREATMENT VALUES (22,1022,1002,'MRI Scan',8000,'2026-06-11');
INSERT INTO TREATMENT VALUES (23,1023,1003,'Joint Replacement',45000,'2026-06-12');
INSERT INTO TREATMENT VALUES (24,1024,1004,'Child Consultation',1200,'2026-06-12');
INSERT INTO TREATMENT VALUES (25,1025,1005,'Laser Skin Therapy',7000,'2026-06-13');
INSERT INTO TREATMENT VALUES (26,1026,1006,'Radiation Therapy',22000,'2026-06-13');
INSERT INTO TREATMENT VALUES (27,1027,1007,'Pregnancy Scan',3500,'2026-06-14');
INSERT INTO TREATMENT VALUES (28,1028,1008,'Hearing Test',1800,'2026-06-14');
INSERT INTO TREATMENT VALUES (29,1029,1009,'Urine Analysis',1000,'2026-06-15');
INSERT INTO TREATMENT VALUES (30,1030,1010,'Blood Pressure Check',800,'2026-06-15');
SELECT * FROM TREATMENT;

INSERT INTO BILLING VALUES (1001,1001,1,5000,'Paid');
INSERT INTO BILLING VALUES (1002,1002,2,7000,'Pending');
INSERT INTO BILLING VALUES (1003,1003,3,15000,'Paid');
INSERT INTO BILLING VALUES (1004,1004,4,2000,'Paid');
INSERT INTO BILLING VALUES (1005,1005,5,3000,'Pending');
INSERT INTO BILLING VALUES (1006,1006,6,25000,'Paid');
INSERT INTO BILLING VALUES (1007,1007,7,4000,'Paid');
INSERT INTO BILLING VALUES (1008,1008,8,8000,'Pending');
INSERT INTO BILLING VALUES (1009,1009,9,12000,'Paid');
INSERT INTO BILLING VALUES (1010,1010,10,1000,'Paid');
INSERT INTO BILLING VALUES (1011,1011,11,2500,'Pending');
INSERT INTO BILLING VALUES (1012,1012,12,6000,'Paid');
INSERT INTO BILLING VALUES (1013,1013,13,9000,'Paid');
INSERT INTO BILLING VALUES (1014,1014,14,1500,'Pending');
INSERT INTO BILLING VALUES (1015,1015,15,2500,'Paid');
INSERT INTO BILLING VALUES (1016,1016,16,30000,'Paid');
INSERT INTO BILLING VALUES (1017,1017,17,18000,'Pending');
INSERT INTO BILLING VALUES (1018,1018,18,10000,'Paid');
INSERT INTO BILLING VALUES (1019,1019,19,3500,'Paid');
INSERT INTO BILLING VALUES (1020,1020,20,2000,'Pending');
INSERT INTO BILLING VALUES (1021,1021,21,50000,'Paid');
INSERT INTO BILLING VALUES (1022,1022,22,8000,'Paid');
INSERT INTO BILLING VALUES (1023,1023,23,45000,'Pending');
INSERT INTO BILLING VALUES (1024,1024,24,1200,'Paid');
INSERT INTO BILLING VALUES (1025,1025,25,7000,'Paid');
INSERT INTO BILLING VALUES (1026,1026,26,22000,'Pending');
INSERT INTO BILLING VALUES (1027,1027,27,3500,'Paid');
INSERT INTO BILLING VALUES (1028,1028,28,1800,'Paid');
INSERT INTO BILLING VALUES (1029,1029,29,1000,'Pending');
INSERT INTO BILLING VALUES (1030,1030,30,800,'Paid');
SELECT * FROM  BILLING;

INSERT INTO PAYMENT VALUES (1001,1001,'2026-06-01','UPI',5000);
INSERT INTO PAYMENT VALUES (1002,1002,'2026-06-01','Cash',7000);
INSERT INTO PAYMENT VALUES (1003,1003,'2026-06-02','Card',15000);
INSERT INTO PAYMENT VALUES (1004,1004,'2026-06-02','UPI',2000);
INSERT INTO PAYMENT VALUES (1005,1005,'2026-06-03','Net Banking',3000);
INSERT INTO PAYMENT VALUES (1006,1006,'2026-06-03','Card',25000);
INSERT INTO PAYMENT VALUES (1007,1007,'2026-06-04','Cash',4000);
INSERT INTO PAYMENT VALUES (1008,1008,'2026-06-04','UPI',8000);
INSERT INTO PAYMENT VALUES (1009,1009,'2026-06-05','Card',12000);
INSERT INTO PAYMENT VALUES (1010,1010,'2026-06-05','Cash',1000);
INSERT INTO PAYMENT VALUES (1011,1011,'2026-06-06','UPI',2500);
INSERT INTO PAYMENT VALUES (1012,1012,'2026-06-06','Net Banking',6000);
INSERT INTO PAYMENT VALUES (1013,1013,'2026-06-07','Card',9000);
INSERT INTO PAYMENT VALUES (1014,1014,'2026-06-07','Cash',1500);
INSERT INTO PAYMENT VALUES (1015,1015,'2026-06-08','UPI',2500);
INSERT INTO PAYMENT VALUES (1016,1016,'2026-06-08','Card',30000);
INSERT INTO PAYMENT VALUES (1017,1017,'2026-06-09','Net Banking',18000);
INSERT INTO PAYMENT VALUES (1018,1018,'2026-06-09','Cash',10000);
INSERT INTO PAYMENT VALUES (1019,1019,'2026-06-10','UPI',3500);
INSERT INTO PAYMENT VALUES (1020,1020,'2026-06-10','Card',2000);
INSERT INTO PAYMENT VALUES (1021,1021,'2026-06-11','Cash',50000);
INSERT INTO PAYMENT VALUES (1022,1022,'2026-06-11','UPI',8000);
INSERT INTO PAYMENT VALUES (1023,1023,'2026-06-12','Net Banking',45000);
INSERT INTO PAYMENT VALUES (1024,1024,'2026-06-12','Card',1200);
INSERT INTO PAYMENT VALUES (1025,1025,'2026-06-13','Cash',7000);
INSERT INTO PAYMENT VALUES (1026,1026,'2026-06-13','UPI',22000);
INSERT INTO PAYMENT VALUES (1027,1027,'2026-06-14','Card',3500);
INSERT INTO PAYMENT VALUES (1028,1028,'2026-06-14','Net Banking',1800);
INSERT INTO PAYMENT VALUES (1029,1029,'2026-06-15','Cash',1000);
INSERT INTO PAYMENT VALUES (1030,1030,'2026-06-15','UPI',800);
SELECT * FROM PAYMENT;

SELECT UPPER(DOC_NAME) AS DOCTOR_NAME FROM DOCTOR;
SELECT SUBSTR(PAT_NAME,1,4) AS FIRST_FOUR_CHARACTERS FROM PATIENT;
SELECT DOC_NAME,LENGTH(DOC_NAME) AS NAME_LENGTH FROM DOCTOR;
SELECT PAT_NAME,TO_CHAR(REGISTRATION_DATE,'MONTH') AS REGISTRATIONMONTH FROM PATIENT;
SELECT LOWER(SPECIALIZATION) AS SPECIALIZATION FROM DOCTOR;

SELECT MAX(TREATMENT_COST) AS HIGHEST_TREATMENT_COST FROM TREATMENT;
SELECT MIN(TREATMENT_COST) AS LOWEST_TREATMENT_COST FROM TREATMENT;
SELECT AVG(CONSULTATION_FEE) AS AVERAGE_CONSULTATION_FEE FROM DOCTOR;
SELECT SUM(AMOUNT_PAID) AS TOTAL_REVENUE FROM PAYMENT;
SELECT COUNT(*) AS TOTAL_PATIENTS FROM PATIENT;

SELECT DEPT_ID,COUNT(*) AS TOTAL_DOCTORS FROM DOCTOR GROUP BY DEPT_ID;
SELECT D.DEPT_ID,COUNT(DISTINCT A.PAT_ID) AS TOTAL_PATIENTS FROM APPOINTMENT A
       JOIN DOCTOR D ON A.DOC_ID = D.DOC_ID GROUP BY D.DEPT_ID;
SELECT DOC_ID,COUNT(*) AS TOTAL_TREATMENTS FROM TREATMENT GROUP BY DOC_ID;
SELECT D.DEPT_ID, SUM(B.TOTAL_AMOUNT) AS TOTAL_REVENUE FROM BILLING B
       JOIN TREATMENT T ON B.TREATMENT_ID = T.TREATMENT_ID
       JOIN DOCTOR D ON T.DOC_ID = D.DOC_ID GROUP BY D.DEPT_ID;
SELECT PAYMENT_MODE,SUM(AMOUNT_PAID) AS TOTAL_COLLECTION FROM PAYMENT GROUP BY PAYMENT_MODE;

SELECT DEPT_ID,COUNT(*) AS TOTAL_DOCTORS FROM DOCTOR GROUP BY DEPT_ID HAVING COUNT(*) > 2;
SELECT DOC_ID,COUNT(PAT_ID) AS TOTAL_PATIENTS FROM TREATMENT GROUP BY DOC_ID HAVING COUNT(PAT_ID) > 5;
SELECT D.DEPT_ID,SUM(B.TOTAL_AMOUNT) AS TOTAL_REVENUE FROM BILLING B
       JOIN TREATMENT T ON B.TREATMENT_ID = T.TREATMENT_ID
       JOIN DOCTOR D ON T.DOC_ID = D.DOC_ID GROUP BY D.DEPT_ID HAVING SUM(B.TOTAL_AMOUNT) > 100000;

SELECT P.PAT_NAME,D.DOC_NAME,DP.DEPT_NAME,A.APPOINTMENT_DATE FROM APPOINTMENT A
       INNER JOIN PATIENT P ON A.PAT_ID = P.PAT_ID
       INNER JOIN DOCTOR D ON A.DOC_ID = D.DOC_ID
       INNER JOIN DEPARTMENT DP ON D.DEPT_ID = DP.DEPT_ID;

SELECT P.PAT_ID,P.PAT_NAME,A.APPOINTMENT_ID,A.APPOINTMENT_DATE,A.APPOINTMENT_STATUS FROM PATIENT P
       LEFT JOIN APPOINTMENT A ON P.PAT_ID = A.PAT_ID;

SELECT D.DOC_ID,D.DOC_NAME,T.PAT_ID,T.TREATMENT_NAME FROM TREATMENT T
       RIGHT JOIN DOCTOR D ON T.DOC_ID = D.DOC_ID;

SELECT P.PAT_ID,P.PAT_NAME,A.APPOINTMENT_ID,A.APPOINTMENT_DATE,A.APPOINTMENT_STATUS FROM PATIENT P
       FULL OUTER JOIN APPOINTMENT A ON P.PAT_ID = A.PAT_ID;

SELECT D.DOC_NAME,DP.DEPT_NAME FROM DOCTOR D
       CROSS JOIN DEPARTMENT DP;

SELECT P.PAT_NAME,D.DOC_NAME,DP.DEPT_NAME,T.TREATMENT_NAME,B.TOTAL_AMOUNT AS BILL_AMOUNT FROM PATIENT P
       JOIN TREATMENT T ON P.PAT_ID = T.PAT_ID
       JOIN DOCTOR D ON T.DOC_ID = D.DOC_ID
       JOIN DEPARTMENT DP ON D.DEPT_ID = DP.DEPT_ID
       JOIN BILLING B ON T.TREATMENT_ID = B.TREATMENT_ID;

SELECT P.PAT_NAME,B.TOTAL_AMOUNT FROM PATIENT P JOIN BILLING B ON P.PAT_ID = B.PAT_ID 
       WHERE B.TOTAL_AMOUNT >(SELECT MAX(B1.TOTAL_AMOUNT) FROM BILLING B1
       JOIN PATIENT P1 ON B1.PAT_ID = P1.PAT_ID WHERE P1.PAT_NAME = 'Lokesh');
SELECT DOC_ID,DOC_NAME,CONSULTATION_FEE FROM DOCTOR
       WHERE CONSULTATION_FEE >(SELECT AVG(CONSULTATION_FEE) FROM DOCTOR);
SELECT TREATMENT_ID,TREATMENT_NAME,TREATMENT_COST FROM TREATMENT
       WHERE TREATMENT_COST >(SELECT AVG(TREATMENT_COST) FROM TREATMENT);

SELECT DISTINCT P.PAT_ID,P.PAT_NAME FROM PATIENT P JOIN TREATMENT T ON P.PAT_ID = T.PAT_ID
            WHERE T.DOC_ID IN(SELECT D.DOC_ID FROM DOCTOR D
            JOIN DEPARTMENT DP  ON D.DEPT_ID = DP.DEPT_ID
            WHERE DP.DEPT_NAME IN ('Cardiology', 'Neurology'));
SELECT TREATMENT_ID,TREATMENT_NAME,TREATMENT_COST FROM TREATMENT
       WHERE TREATMENT_COST > ANY(SELECT T1.TREATMENT_COST FROM TREATMENT T1
       JOIN DOCTOR D ON T1.DOC_ID = D.DOC_ID
       JOIN DEPARTMENT DP ON D.DEPT_ID = DP.DEPT_ID
       WHERE DP.DEPT_NAME = 'Orthopedics');
SELECT TREATMENT_ID,TREATMENT_NAME,TREATMENT_COST FROM TREATMENT
       WHERE TREATMENT_COST > ALL(SELECT T1.TREATMENT_COST FROM TREATMENT T1
       JOIN DOCTOR D ON T1.DOC_ID = D.DOC_ID
       JOIN DEPARTMENT DP ON D.DEPT_ID = DP.DEPT_ID
       WHERE DP.DEPT_NAME = 'Dermatology');

SELECT DISTINCT P.PAT_ID, P.PAT_NAME FROM PATIENT P
                WHERE P.PAT_ID IN(SELECT T.PAT_ID FROM TREATMENT T
                WHERE T.DOC_ID IN(SELECT D.DOC_ID FROM DOCTOR D
                WHERE D.DEPT_ID IN(SELECT DEPT_ID FROM DEPARTMENT
                WHERE LOCATION = 'Floor 2')));
SELECT DOC_ID,DOC_NAME,DEPT_ID FROM DOCTOR WHERE DEPT_ID =(SELECT DEPT_ID FROM(
        SELECT D.DEPT_ID,SUM(B.TOTAL_AMOUNT) AS TOTAL_REVENUE FROM BILLING B
        JOIN TREATMENT T ON B.TREATMENT_ID = T.TREATMENT_ID
        JOIN DOCTOR D ON T.DOC_ID = D.DOC_ID GROUP BY D.DEPT_ID ORDER BY TOTAL_REVENUE DESC)
        LIMIT 1);

SELECT D1.DOC_ID,D1.DOC_NAME,D1.CONSULTATION_FEE,D1.DEPT_ID FROM DOCTOR D1
       WHERE D1.CONSULTATION_FEE >(SELECT AVG(D2.CONSULTATION_FEE) FROM DOCTOR D2
       WHERE D2.DEPT_ID = D1.DEPT_ID);
SELECT P.PAT_ID,P.PAT_NAME,B.TOTAL_AMOUNT FROM PATIENT P
       JOIN BILLING B ON P.PAT_ID = B.PAT_ID
       JOIN TREATMENT T ON B.TREATMENT_ID = T.TREATMENT_ID
       JOIN DOCTOR D ON T.DOC_ID = D.DOC_ID
       WHERE B.TOTAL_AMOUNT >(SELECT AVG(B2.TOTAL_AMOUNT) FROM BILLING B2
       JOIN TREATMENT T2 ON B2.TREATMENT_ID = T2.TREATMENT_ID
       JOIN DOCTOR D2 ON T2.DOC_ID = D2.DOC_ID WHERE D2.DEPT_ID = D.DEPT_ID);

SELECT DEPT_ID,DEPT_NAME FROM DEPARTMENT DP WHERE EXISTS(SELECT FROM DOCTOR D
      WHERE D.DEPT_ID = DP.DEPT_ID);
SELECT DOC_ID,DOC_NAME FROM DOCTOR D WHERE EXISTS(SELECT FROM APPOINTMENT A
    WHERE A.DOC_ID = D.DOC_ID);

SELECT DEPT_ID,DEPT_NAME FROM DEPARTMENT DP WHERE NOT EXISTS( SELECT FROM DOCTOR D
    WHERE D.DEPT_ID = DP.DEPT_ID);
SELECT DOC_ID,DOC_NAME FROM DOCTOR D WHERE NOT EXISTS(SELECT FROM APPOINTMENT A
    WHERE A.DOC_ID = D.DOC_ID);
SELECT PAT_ID,PAT_NAME FROM PATIENT P WHERE NOT EXISTS(SELECT FROM TREATMENT T
    WHERE T.PAT_ID = P.PAT_ID);

CREATE TABLE CURRENT_PATIENTS (PAT_ID INT,PAT_NAME VARCHAR(50));
CREATE TABLE DISCHARGED_PATIENTS (PAT_ID INT,PAT_NAME VARCHAR(50));
INSERT INTO CURRENT_PATIENTS VALUES(1001,'Aarav Kumar');
INSERT INTO CURRENT_PATIENTS VALUES(1002,'Priya Sharma');
INSERT INTO CURRENT_PATIENTS VALUES(1003,'Rahul Singh');
INSERT INTO CURRENT_PATIENTS VALUES(1004,'Anjali Verma');
INSERT INTO CURRENT_PATIENTS VALUES(1005,'Kiran Patel');

INSERT INTO DISCHARGED_PATIENTS VALUES(1004,'Anjali');
INSERT INTO DISCHARGED_PATIENTS VALUES(1005,'Kiran');
INSERT INTO DISCHARGED_PATIENTS VALUES(1006,'Rohit');
INSERT INTO DISCHARGED_PATIENTS VALUES(1007,'Sneha');
INSERT INTO DISCHARGED_PATIENTS VALUES(1008,'Vikram');

SELECT * FROM CURRENT_PATIENTS
UNION
SELECT * FROM DISCHARGED_PATIENTS;
SELECT * FROM CURRENT_PATIENTS
UNION ALL
SELECT * FROM DISCHARGED_PATIENTS;
SELECT * FROM CURRENT_PATIENTS
INTERSECT
SELECT * FROM DISCHARGED_PATIENTS;
SELECT * FROM CURRENT_PATIENTS
EXCEPT
SELECT * FROM DISCHARGED_PATIENTS;

CREATE VIEW PATIENT_VISIT_REPORT AS SELECT P.PAT_NAME,D.DOC_NAME,DP.DEPT_NAME,A.APPOINTMENT_DATE FROM APPOINTMENT A
           JOIN PATIENT P ON A.PAT_ID = P.PAT_ID
           JOIN DOCTOR D ON A.DOC_ID = D.DOC_ID
           JOIN DEPARTMENT DP ON D.DEPT_ID = DP.DEPT_ID;
SELECT * FROM PATIENT_VISIT_REPORT;
CREATE VIEW HOSPITAL_REVENUE_REPORT AS SELECT DP.DEPT_NAME,
       SUM(B.TOTAL_AMOUNT) AS REVENUE,
       COUNT(T.TREATMENT_ID) AS NUMBER_OF_TREATMENTS FROM DEPARTMENT DP
       JOIN DOCTOR D ON DP.DEPT_ID = D.DEPT_ID
       JOIN TREATMENT T ON D.DOC_ID = T.DOC_ID
       JOIN BILLING B ON T.TREATMENT_ID = B.TREATMENT_ID GROUP BY DP.DEPT_NAME;
SELECT * FROM HOSPITAL_REVENUE_REPORT;

CREATE INDEX IDX_PAT_NAME ON PATIENT(PAT_NAME);
SELECT * FROM PATIENT WHERE PAT_NAME = 'Trisha';
CREATE INDEX IDX_DOCTOR_NAME ON DOCTOR(DOC_NAME);
SELECT * FROM DOCTOR WHERE DOC_NAME = 'Dr. Poziya';
CREATE INDEX IDX_PATIENT_MOBILE ON PATIENT(MOBILE_NO);
CREATE INDEX IDX_DOCTOR_MOBILE ON DOCTOR(MOBILE_NO);
SELECT * FROM PATIENT WHERE MOBILE_NO = '9876500001';
CREATE INDEX IDX_APPOINTMENT_DATE ON APPOINTMENT(APPOINTMENT_DATE);
SELECT * FROM APPOINTMENT WHERE APPOINTMENT_DATE = '2026-06-15';
